Borough,Area Code,Year,Snapshot Date,Airbnb Listings,Population,Listings per 1000 residents,Latitude,Longitude,Source
Barking and Dagenham,E09000002,2015,Apr 2015,7,206450,0.034,51.54527,0.13352,"Inside Airbnb / GLA Housing Research Note 4 (2015, 2019); Inside Airbnb listing CSV, 19 Jun 2026"
Barnet,E09000003,2015,Apr 2015,65,377826,0.172,51.61602,-0.21002,"Inside Airbnb / GLA Housing Research Note 4 (2015, 2019); Inside Airbnb listing CSV, 19 Jun 2026"
Bexley,E09000004,2015,Apr 2015,5,241427,0.021,51.45881,0.14035,"Inside Airbnb / GLA Housing Research Note 4 (2015, 2019); Inside Airbnb listing CSV, 19 Jun 2026"
Brent,E09000005,2015,Apr 2015,146,335605,0.435,51.55855,-0.26781,"Inside Airbnb / GLA Housing Research Note 4 (2015, 2019); Inside Airbnb listing CSV, 19 Jun 2026"
Bromley,E09000006,2015,Apr 2015,36,325653,0.111,51.37198,0.05154,"Inside Airbnb / GLA Housing Research Note 4 (2015, 2019); Inside Airbnb listing CSV, 19 Jun 2026"
Camden,E09000007,2015,Apr 2015,1400,221032,6.334,51.54639,-0.15742,"Inside Airbnb / GLA Housing Research Note 4 (2015, 2019); Inside Airbnb listing CSV, 19 Jun 2026"
City of London,E09000001,2015,Apr 2015,120,7668,15.649,51.51529,-0.09232,"Inside Airbnb / GLA Housing Research Note 4 (2015, 2019); Inside Airbnb listing CSV, 19 Jun 2026"
Croydon,E09000008,2015,Apr 2015,63,381277,0.165,51.35532,-0.08717,"Inside Airbnb / GLA Housing Research Note 4 (2015, 2019); Inside Airbnb listing CSV, 19 Jun 2026"
Ealing,E09000009,2015,Apr 2015,192,359144,0.535,51.52248,-0.33102,"Inside Airbnb / GLA Housing Research Note 4 (2015, 2019); Inside Airbnb listing CSV, 19 Jun 2026"
Enfield,E09000010,2015,Apr 2015,43,330868,0.13,51.65099,-0.08727,"Inside Airbnb / GLA Housing Research Note 4 (2015, 2019); Inside Airbnb listing CSV, 19 Jun 2026"
Greenwich,E09000011,2015,Apr 2015,116,274230,0.423,51.4728,0.05624,"Inside Airbnb / GLA Housing Research Note 4 (2015, 2019); Inside Airbnb listing CSV, 19 Jun 2026"
Hackney,E09000012,2015,Apr 2015,2225,261929,8.495,51.54977,-0.06565,"Inside Airbnb / GLA Housing Research Note 4 (2015, 2019); Inside Airbnb listing CSV, 19 Jun 2026"
Hammersmith and Fulham,E09000013,2015,Apr 2015,1048,187246,5.597,51.4976,-0.22313,"Inside Airbnb / GLA Housing Research Note 4 (2015, 2019); Inside Airbnb listing CSV, 19 Jun 2026"
Haringey,E09000014,2015,Apr 2015,222,272938,0.813,51.59037,-0.10747,"Inside Airbnb / GLA Housing Research Note 4 (2015, 2019); Inside Airbnb listing CSV, 19 Jun 2026"
Harrow,E09000015,2015,Apr 2015,15,255308,0.059,51.59772,-0.34127,"Inside Airbnb / GLA Housing Research Note 4 (2015, 2019); Inside Airbnb listing CSV, 19 Jun 2026"
Havering,E09000016,2015,Apr 2015,0,250449,0,51.56437,0.22112,"Inside Airbnb / GLA Housing Research Note 4 (2015, 2019); Inside Airbnb listing CSV, 19 Jun 2026"
Hillingdon,E09000017,2015,Apr 2015,29,294011,0.099,51.54147,-0.44566,"Inside Airbnb / GLA Housing Research Note 4 (2015, 2019); Inside Airbnb listing CSV, 19 Jun 2026"
Hounslow,E09000018,2015,Apr 2015,70,275097,0.254,51.46838,-0.36715,"Inside Airbnb / GLA Housing Research Note 4 (2015, 2019); Inside Airbnb listing CSV, 19 Jun 2026"
Islington,E09000019,2015,Apr 2015,1695,218255,7.766,51.5455,-0.10745,"Inside Airbnb / GLA Housing Research Note 4 (2015, 2019); Inside Airbnb listing CSV, 19 Jun 2026"
Kensington and Chelsea,E09000020,2015,Apr 2015,1552,156149,9.939,51.50327,-0.19261,"Inside Airbnb / GLA Housing Research Note 4 (2015, 2019); Inside Airbnb listing CSV, 19 Jun 2026"
Kingston upon Thames,E09000021,2015,Apr 2015,38,167594,0.227,51.38789,-0.28691,"Inside Airbnb / GLA Housing Research Note 4 (2015, 2019); Inside Airbnb listing CSV, 19 Jun 2026"
Lambeth,E09000022,2015,Apr 2015,1428,322881,4.423,51.45308,-0.11828,"Inside Airbnb / GLA Housing Research Note 4 (2015, 2019); Inside Airbnb listing CSV, 19 Jun 2026"
Lewisham,E09000023,2015,Apr 2015,615,295364,2.082,51.44809,-0.02025,"Inside Airbnb / GLA Housing Research Note 4 (2015, 2019); Inside Airbnb listing CSV, 19 Jun 2026"
Merton,E09000024,2015,Apr 2015,113,213791,0.529,51.40995,-0.19725,"Inside Airbnb / GLA Housing Research Note 4 (2015, 2019); Inside Airbnb listing CSV, 19 Jun 2026"
Newham,E09000025,2015,Apr 2015,198,330322,0.599,51.52834,0.03639,"Inside Airbnb / GLA Housing Research Note 4 (2015, 2019); Inside Airbnb listing CSV, 19 Jun 2026"
Redbridge,E09000026,2015,Apr 2015,30,301022,0.1,51.58567,0.07586,"Inside Airbnb / GLA Housing Research Note 4 (2015, 2019); Inside Airbnb listing CSV, 19 Jun 2026"
Richmond upon Thames,E09000027,2015,Apr 2015,100,194966,0.513,51.44217,-0.31299,"Inside Airbnb / GLA Housing Research Note 4 (2015, 2019); Inside Airbnb listing CSV, 19 Jun 2026"
Southwark,E09000028,2015,Apr 2015,1151,304048,3.786,51.47314,-0.0746,"Inside Airbnb / GLA Housing Research Note 4 (2015, 2019); Inside Airbnb listing CSV, 19 Jun 2026"
Sutton,E09000029,2015,Apr 2015,0,201208,0,51.36209,-0.17757,"Inside Airbnb / GLA Housing Research Note 4 (2015, 2019); Inside Airbnb listing CSV, 19 Jun 2026"
Tower Hamlets,E09000030,2015,Apr 2015,2237,282674,7.914,51.51506,-0.03247,"Inside Airbnb / GLA Housing Research Note 4 (2015, 2019); Inside Airbnb listing CSV, 19 Jun 2026"
Waltham Forest,E09000031,2015,Apr 2015,79,274579,0.288,51.59402,-0.01265,"Inside Airbnb / GLA Housing Research Note 4 (2015, 2019); Inside Airbnb listing CSV, 19 Jun 2026"
Wandsworth,E09000032,2015,Apr 2015,977,322658,3.028,51.45135,-0.18644,"Inside Airbnb / GLA Housing Research Note 4 (2015, 2019); Inside Airbnb listing CSV, 19 Jun 2026"
Westminster,E09000033,2015,Apr 2015,2421,215876,11.215,51.5139,-0.1613,"Inside Airbnb / GLA Housing Research Note 4 (2015, 2019); Inside Airbnb listing CSV, 19 Jun 2026"
Barking and Dagenham,E09000002,2019,May 2019,315,218828,1.439,51.54527,0.13352,"Inside Airbnb / GLA Housing Research Note 4 (2015, 2019); Inside Airbnb listing CSV, 19 Jun 2026"
Barnet,E09000003,2019,May 2019,1534,390590,3.927,51.61602,-0.21002,"Inside Airbnb / GLA Housing Research Note 4 (2015, 2019); Inside Airbnb listing CSV, 19 Jun 2026"
Bexley,E09000004,2019,May 2019,242,246622,0.981,51.45881,0.14035,"Inside Airbnb / GLA Housing Research Note 4 (2015, 2019); Inside Airbnb listing CSV, 19 Jun 2026"
Brent,E09000005,2019,May 2019,2375,347424,6.836,51.55855,-0.26781,"Inside Airbnb / GLA Housing Research Note 4 (2015, 2019); Inside Airbnb listing CSV, 19 Jun 2026"
Bromley,E09000006,2019,May 2019,651,331192,1.966,51.37198,0.05154,"Inside Airbnb / GLA Housing Research Note 4 (2015, 2019); Inside Airbnb listing CSV, 19 Jun 2026"
Camden,E09000007,2019,May 2019,5685,217136,26.182,51.54639,-0.15742,"Inside Airbnb / GLA Housing Research Note 4 (2015, 2019); Inside Airbnb listing CSV, 19 Jun 2026"
City of London,E09000001,2019,May 2019,436,8765,49.743,51.51529,-0.09232,"Inside Airbnb / GLA Housing Research Note 4 (2015, 2019); Inside Airbnb listing CSV, 19 Jun 2026"
Croydon,E09000008,2019,May 2019,1067,390643,2.731,51.35532,-0.08717,"Inside Airbnb / GLA Housing Research Note 4 (2015, 2019); Inside Airbnb listing CSV, 19 Jun 2026"
Ealing,E09000009,2019,May 2019,1599,367284,4.354,51.52248,-0.33102,"Inside Airbnb / GLA Housing Research Note 4 (2015, 2019); Inside Airbnb listing CSV, 19 Jun 2026"
Enfield,E09000010,2019,May 2019,587,335151,1.751,51.65099,-0.08727,"Inside Airbnb / GLA Housing Research Note 4 (2015, 2019); Inside Airbnb listing CSV, 19 Jun 2026"
Greenwich,E09000011,2019,May 2019,1591,288205,5.52,51.4728,0.05624,"Inside Airbnb / GLA Housing Research Note 4 (2015, 2019); Inside Airbnb listing CSV, 19 Jun 2026"
Hackney,E09000012,2019,May 2019,5950,265825,22.383,51.54977,-0.06565,"Inside Airbnb / GLA Housing Research Note 4 (2015, 2019); Inside Airbnb listing CSV, 19 Jun 2026"
Hammersmith and Fulham,E09000013,2019,May 2019,4043,188562,21.441,51.4976,-0.22313,"Inside Airbnb / GLA Housing Research Note 4 (2015, 2019); Inside Airbnb listing CSV, 19 Jun 2026"
Haringey,E09000014,2019,May 2019,2077,273716,7.588,51.59037,-0.10747,"Inside Airbnb / GLA Housing Research Note 4 (2015, 2019); Inside Airbnb listing CSV, 19 Jun 2026"
Harrow,E09000015,2019,May 2019,451,262065,1.721,51.59772,-0.34127,"Inside Airbnb / GLA Housing Research Note 4 (2015, 2019); Inside Airbnb listing CSV, 19 Jun 2026"
Havering,E09000016,2019,May 2019,219,261296,0.838,51.56437,0.22112,"Inside Airbnb / GLA Housing Research Note 4 (2015, 2019); Inside Airbnb listing CSV, 19 Jun 2026"
Hillingdon,E09000017,2019,May 2019,586,305641,1.917,51.54147,-0.44566,"Inside Airbnb / GLA Housing Research Note 4 (2015, 2019); Inside Airbnb listing CSV, 19 Jun 2026"
Hounslow,E09000018,2019,May 2019,998,289652,3.446,51.46838,-0.36715,"Inside Airbnb / GLA Housing Research Note 4 (2015, 2019); Inside Airbnb listing CSV, 19 Jun 2026"
Islington,E09000019,2019,May 2019,4948,221994,22.289,51.5455,-0.10745,"Inside Airbnb / GLA Housing Research Note 4 (2015, 2019); Inside Airbnb listing CSV, 19 Jun 2026"
Kensington and Chelsea,E09000020,2019,May 2019,5723,146805,38.984,51.50327,-0.19261,"Inside Airbnb / GLA Housing Research Note 4 (2015, 2019); Inside Airbnb listing CSV, 19 Jun 2026"
Kingston upon Thames,E09000021,2019,May 2019,526,169797,3.098,51.38789,-0.28691,"Inside Airbnb / GLA Housing Research Note 4 (2015, 2019); Inside Airbnb listing CSV, 19 Jun 2026"
Lambeth,E09000022,2019,May 2019,4678,329513,14.197,51.45308,-0.11828,"Inside Airbnb / GLA Housing Research Note 4 (2015, 2019); Inside Airbnb listing CSV, 19 Jun 2026"
Lewisham,E09000023,2019,May 2019,2246,305906,7.342,51.44809,-0.02025,"Inside Airbnb / GLA Housing Research Note 4 (2015, 2019); Inside Airbnb listing CSV, 19 Jun 2026"
Merton,E09000024,2019,May 2019,1326,217219,6.104,51.40995,-0.19725,"Inside Airbnb / GLA Housing Research Note 4 (2015, 2019); Inside Airbnb listing CSV, 19 Jun 2026"
Newham,E09000025,2019,May 2019,1889,349786,5.4,51.52834,0.03639,"Inside Airbnb / GLA Housing Research Note 4 (2015, 2019); Inside Airbnb listing CSV, 19 Jun 2026"
Redbridge,E09000026,2019,May 2019,646,311780,2.072,51.58567,0.07586,"Inside Airbnb / GLA Housing Research Note 4 (2015, 2019); Inside Airbnb listing CSV, 19 Jun 2026"
Richmond upon Thames,E09000027,2019,May 2019,1147,198185,5.788,51.44217,-0.31299,"Inside Airbnb / GLA Housing Research Note 4 (2015, 2019); Inside Airbnb listing CSV, 19 Jun 2026"
Southwark,E09000028,2019,May 2019,4751,312591,15.199,51.47314,-0.0746,"Inside Airbnb / GLA Housing Research Note 4 (2015, 2019); Inside Airbnb listing CSV, 19 Jun 2026"
Sutton,E09000029,2019,May 2019,259,208516,1.242,51.36209,-0.17757,"Inside Airbnb / GLA Housing Research Note 4 (2015, 2019); Inside Airbnb listing CSV, 19 Jun 2026"
Tower Hamlets,E09000030,2019,May 2019,7752,305066,25.411,51.51506,-0.03247,"Inside Airbnb / GLA Housing Research Note 4 (2015, 2019); Inside Airbnb listing CSV, 19 Jun 2026"
Waltham Forest,E09000031,2019,May 2019,1326,281015,4.719,51.59402,-0.01265,"Inside Airbnb / GLA Housing Research Note 4 (2015, 2019); Inside Airbnb listing CSV, 19 Jun 2026"
Wandsworth,E09000032,2019,May 2019,4082,334558,12.201,51.45135,-0.18644,"Inside Airbnb / GLA Housing Research Note 4 (2015, 2019); Inside Airbnb listing CSV, 19 Jun 2026"
Westminster,E09000033,2019,May 2019,9062,208415,43.481,51.5139,-0.1613,"Inside Airbnb / GLA Housing Research Note 4 (2015, 2019); Inside Airbnb listing CSV, 19 Jun 2026"
Barking and Dagenham,E09000002,2026,19 Jun 2026,689,238295,2.891,51.54527,0.13352,"Inside Airbnb / GLA Housing Research Note 4 (2015, 2019); Inside Airbnb listing CSV, 19 Jun 2026"
Barnet,E09000003,2026,19 Jun 2026,2367,408087,5.8,51.61602,-0.21002,"Inside Airbnb / GLA Housing Research Note 4 (2015, 2019); Inside Airbnb listing CSV, 19 Jun 2026"
Bexley,E09000004,2026,19 Jun 2026,632,257103,2.458,51.45881,0.14035,"Inside Airbnb / GLA Housing Research Note 4 (2015, 2019); Inside Airbnb listing CSV, 19 Jun 2026"
Brent,E09000005,2026,19 Jun 2026,2939,352201,8.345,51.55855,-0.26781,"Inside Airbnb / GLA Housing Research Note 4 (2015, 2019); Inside Airbnb listing CSV, 19 Jun 2026"
Bromley,E09000006,2026,19 Jun 2026,912,336048,2.714,51.37198,0.05154,"Inside Airbnb / GLA Housing Research Note 4 (2015, 2019); Inside Airbnb listing CSV, 19 Jun 2026"
Camden,E09000007,2026,19 Jun 2026,6230,216658,28.755,51.54639,-0.15742,"Inside Airbnb / GLA Housing Research Note 4 (2015, 2019); Inside Airbnb listing CSV, 19 Jun 2026"
City of London,E09000001,2026,19 Jun 2026,591,15631,37.809,51.51529,-0.09232,"Inside Airbnb / GLA Housing Research Note 4 (2015, 2019); Inside Airbnb listing CSV, 19 Jun 2026"
Croydon,E09000008,2026,19 Jun 2026,1772,410085,4.321,51.35532,-0.08717,"Inside Airbnb / GLA Housing Research Note 4 (2015, 2019); Inside Airbnb listing CSV, 19 Jun 2026"
Ealing,E09000009,2026,19 Jun 2026,2418,387072,6.247,51.52248,-0.33102,"Inside Airbnb / GLA Housing Research Note 4 (2015, 2019); Inside Airbnb listing CSV, 19 Jun 2026"
Enfield,E09000010,2026,19 Jun 2026,889,329400,2.699,51.65099,-0.08727,"Inside Airbnb / GLA Housing Research Note 4 (2015, 2019); Inside Airbnb listing CSV, 19 Jun 2026"
Greenwich,E09000011,2026,19 Jun 2026,1918,301225,6.367,51.4728,0.05624,"Inside Airbnb / GLA Housing Research Note 4 (2015, 2019); Inside Airbnb listing CSV, 19 Jun 2026"
Hackney,E09000012,2026,19 Jun 2026,5766,266241,21.657,51.54977,-0.06565,"Inside Airbnb / GLA Housing Research Note 4 (2015, 2019); Inside Airbnb listing CSV, 19 Jun 2026"
Hammersmith and Fulham,E09000013,2026,19 Jun 2026,4059,190216,21.339,51.4976,-0.22313,"Inside Airbnb / GLA Housing Research Note 4 (2015, 2019); Inside Airbnb listing CSV, 19 Jun 2026"
Haringey,E09000014,2026,19 Jun 2026,2517,266218,9.455,51.59037,-0.10747,"Inside Airbnb / GLA Housing Research Note 4 (2015, 2019); Inside Airbnb listing CSV, 19 Jun 2026"
Harrow,E09000015,2026,19 Jun 2026,641,272612,2.351,51.59772,-0.34127,"Inside Airbnb / GLA Housing Research Note 4 (2015, 2019); Inside Airbnb listing CSV, 19 Jun 2026"
Havering,E09000016,2026,19 Jun 2026,520,280787,1.852,51.56437,0.22112,"Inside Airbnb / GLA Housing Research Note 4 (2015, 2019); Inside Airbnb listing CSV, 19 Jun 2026"
Hillingdon,E09000017,2026,19 Jun 2026,967,326671,2.96,51.54147,-0.44566,"Inside Airbnb / GLA Housing Research Note 4 (2015, 2019); Inside Airbnb listing CSV, 19 Jun 2026"
Hounslow,E09000018,2026,19 Jun 2026,1357,299486,4.531,51.46838,-0.36715,"Inside Airbnb / GLA Housing Research Note 4 (2015, 2019); Inside Airbnb listing CSV, 19 Jun 2026"
Islington,E09000019,2026,19 Jun 2026,4752,224551,21.162,51.5455,-0.10745,"Inside Airbnb / GLA Housing Research Note 4 (2015, 2019); Inside Airbnb listing CSV, 19 Jun 2026"
Kensington and Chelsea,E09000020,2026,19 Jun 2026,6204,145734,42.571,51.50327,-0.19261,"Inside Airbnb / GLA Housing Research Note 4 (2015, 2019); Inside Airbnb listing CSV, 19 Jun 2026"
Kingston upon Thames,E09000021,2026,19 Jun 2026,703,172761,4.069,51.38789,-0.28691,"Inside Airbnb / GLA Housing Research Note 4 (2015, 2019); Inside Airbnb listing CSV, 19 Jun 2026"
Lambeth,E09000022,2026,19 Jun 2026,4985,314298,15.861,51.45308,-0.11828,"Inside Airbnb / GLA Housing Research Note 4 (2015, 2019); Inside Airbnb listing CSV, 19 Jun 2026"
Lewisham,E09000023,2026,19 Jun 2026,2593,301037,8.614,51.44809,-0.02025,"Inside Airbnb / GLA Housing Research Note 4 (2015, 2019); Inside Airbnb listing CSV, 19 Jun 2026"
Merton,E09000024,2026,19 Jun 2026,1603,218891,7.323,51.40995,-0.19725,"Inside Airbnb / GLA Housing Research Note 4 (2015, 2019); Inside Airbnb listing CSV, 19 Jun 2026"
Newham,E09000025,2026,19 Jun 2026,2518,376542,6.687,51.52834,0.03639,"Inside Airbnb / GLA Housing Research Note 4 (2015, 2019); Inside Airbnb listing CSV, 19 Jun 2026"
Redbridge,E09000026,2026,19 Jun 2026,993,321829,3.085,51.58567,0.07586,"Inside Airbnb / GLA Housing Research Note 4 (2015, 2019); Inside Airbnb listing CSV, 19 Jun 2026"
Richmond upon Thames,E09000027,2026,19 Jun 2026,1257,196713,6.39,51.44217,-0.31299,"Inside Airbnb / GLA Housing Research Note 4 (2015, 2019); Inside Airbnb listing CSV, 19 Jun 2026"
Southwark,E09000028,2026,19 Jun 2026,5158,312366,16.513,51.47314,-0.0746,"Inside Airbnb / GLA Housing Research Note 4 (2015, 2019); Inside Airbnb listing CSV, 19 Jun 2026"
Sutton,E09000029,2026,19 Jun 2026,483,213972,2.257,51.36209,-0.17757,"Inside Airbnb / GLA Housing Research Note 4 (2015, 2019); Inside Airbnb listing CSV, 19 Jun 2026"
Tower Hamlets,E09000030,2026,19 Jun 2026,6865,334240,20.539,51.51506,-0.03247,"Inside Airbnb / GLA Housing Research Note 4 (2015, 2019); Inside Airbnb listing CSV, 19 Jun 2026"
Waltham Forest,E09000031,2026,19 Jun 2026,1856,283713,6.542,51.59402,-0.01265,"Inside Airbnb / GLA Housing Research Note 4 (2015, 2019); Inside Airbnb listing CSV, 19 Jun 2026"
Wandsworth,E09000032,2026,19 Jun 2026,4724,339859,13.9,51.45135,-0.18644,"Inside Airbnb / GLA Housing Research Note 4 (2015, 2019); Inside Airbnb listing CSV, 19 Jun 2026"
Westminster,E09000033,2026,19 Jun 2026,10921,212367,51.425,51.5139,-0.1613,"Inside Airbnb / GLA Housing Research Note 4 (2015, 2019); Inside Airbnb listing CSV, 19 Jun 2026"
