Borough,Area Code,Listings 2015,Listings 2019,Listings 2026,Change 2015-2019,Change 2015-2019 %,Change 2019-2026,Change 2019-2026 %,Change 2015-2026,Change 2015-2026 %,Listings per 1000 2015,Listings per 1000 2019,Listings per 1000 2026,Population 2025,Latitude,Longitude
Westminster,E09000033,2421,9062,10921,6641,274.3,1859,20.5,8500,351.1,11.21,43.48,51.42,212367,51.5139,-0.1613
Tower Hamlets,E09000030,2237,7752,6865,5515,246.5,-887,-11.4,4628,206.9,7.91,25.41,20.54,334240,51.51506,-0.03247
Camden,E09000007,1400,5685,6230,4285,306.1,545,9.6,4830,345.0,6.33,26.18,28.75,216658,51.54639,-0.15742
Kensington and Chelsea,E09000020,1552,5723,6204,4171,268.8,481,8.4,4652,299.7,9.94,38.98,42.57,145734,51.50327,-0.19261
Hackney,E09000012,2225,5950,5766,3725,167.4,-184,-3.1,3541,159.1,8.49,22.38,21.66,266241,51.54977,-0.06565
Southwark,E09000028,1151,4751,5158,3600,312.8,407,8.6,4007,348.1,3.79,15.20,16.51,312366,51.47314,-0.0746
Lambeth,E09000022,1428,4678,4985,3250,227.6,307,6.6,3557,249.1,4.42,14.20,15.86,314298,51.45308,-0.11828
Islington,E09000019,1695,4948,4752,3253,191.9,-196,-4.0,3057,180.4,7.77,22.29,21.16,224551,51.5455,-0.10745
Wandsworth,E09000032,977,4082,4724,3105,317.8,642,15.7,3747,383.5,3.03,12.20,13.90,339859,51.45135,-0.18644
Hammersmith and Fulham,E09000013,1048,4043,4059,2995,285.8,16,0.4,3011,287.3,5.60,21.44,21.34,190216,51.4976,-0.22313
Brent,E09000005,146,2375,2939,2229,1526.7,564,23.7,2793,1913.0,0.43,6.84,8.35,352201,51.55855,-0.26781
Lewisham,E09000023,615,2246,2593,1631,265.2,347,15.4,1978,321.6,2.08,7.34,8.61,301037,51.44809,-0.02025
Newham,E09000025,198,1889,2518,1691,854.0,629,33.3,2320,1171.7,0.60,5.40,6.69,376542,51.52834,0.03639
Haringey,E09000014,222,2077,2517,1855,835.6,440,21.2,2295,1033.8,0.81,7.59,9.46,266218,51.59037,-0.10747
Ealing,E09000009,192,1599,2418,1407,732.8,819,51.2,2226,1159.4,0.54,4.35,6.25,387072,51.52248,-0.33102
Barnet,E09000003,65,1534,2367,1469,2260.0,833,54.3,2302,3541.5,0.17,3.93,5.80,408087,51.61602,-0.21002
Greenwich,E09000011,116,1591,1918,1475,1271.6,327,20.6,1802,1553.4,0.42,5.52,6.37,301225,51.4728,0.05624
Waltham Forest,E09000031,79,1326,1856,1247,1578.5,530,40.0,1777,2249.4,0.29,4.72,6.54,283713,51.59402,-0.01265
Croydon,E09000008,63,1067,1772,1004,1593.7,705,66.1,1709,2712.7,0.17,2.73,4.32,410085,51.35532,-0.08717
Merton,E09000024,113,1326,1603,1213,1073.5,277,20.9,1490,1318.6,0.53,6.10,7.32,218891,51.40995,-0.19725
Hounslow,E09000018,70,998,1357,928,1325.7,359,36.0,1287,1838.6,0.25,3.45,4.53,299486,51.46838,-0.36715
Richmond upon Thames,E09000027,100,1147,1257,1047,1047.0,110,9.6,1157,1157.0,0.51,5.79,6.39,196713,51.44217,-0.31299
Redbridge,E09000026,30,646,993,616,2053.3,347,53.7,963,3210.0,0.10,2.07,3.08,321829,51.58567,0.07586
Hillingdon,E09000017,29,586,967,557,1920.7,381,65.0,938,3234.5,0.10,1.92,2.96,326671,51.54147,-0.44566
Bromley,E09000006,36,651,912,615,1708.3,261,40.1,876,2433.3,0.11,1.97,2.71,336048,51.37198,0.05154
Enfield,E09000010,43,587,889,544,1265.1,302,51.4,846,1967.4,0.13,1.75,2.70,329400,51.65099,-0.08727
Kingston upon Thames,E09000021,38,526,703,488,1284.2,177,33.7,665,1750.0,0.23,3.10,4.07,172761,51.38789,-0.28691
Barking and Dagenham,E09000002,7,315,689,308,4400.0,374,118.7,682,9742.9,0.03,1.44,2.89,238295,51.54527,0.13352
Harrow,E09000015,15,451,641,436,2906.7,190,42.1,626,4173.3,0.06,1.72,2.35,272612,51.59772,-0.34127
Bexley,E09000004,5,242,632,237,4740.0,390,161.2,627,12540.0,0.02,0.98,2.46,257103,51.45881,0.14035
City of London,E09000001,120,436,591,316,263.3,155,35.6,471,392.5,15.65,49.74,37.81,15631,51.51529,-0.09232
Havering,E09000016,0,219,520,219,,301,137.4,520,,0.00,0.84,1.85,280787,51.56437,0.22112
Sutton,E09000029,0,259,483,259,,224,86.5,483,,0.00,1.24,2.26,213972,51.36209,-0.17757
