Area Code,Borough,Year,Listings,Listings per 1000
E09000002,Barking and Dagenham,2015,7,0.034
E09000003,Barnet,2015,65,0.172
E09000004,Bexley,2015,5,0.021
E09000005,Brent,2015,146,0.435
E09000006,Bromley,2015,36,0.111
E09000007,Camden,2015,1400,6.334
E09000001,City of London,2015,120,15.649
E09000008,Croydon,2015,63,0.165
E09000009,Ealing,2015,192,0.535
E09000010,Enfield,2015,43,0.13
E09000011,Greenwich,2015,116,0.423
E09000012,Hackney,2015,2225,8.495
E09000013,Hammersmith and Fulham,2015,1048,5.597
E09000014,Haringey,2015,222,0.813
E09000015,Harrow,2015,15,0.059
E09000016,Havering,2015,0,0.0
E09000017,Hillingdon,2015,29,0.099
E09000018,Hounslow,2015,70,0.254
E09000019,Islington,2015,1695,7.766
E09000020,Kensington and Chelsea,2015,1552,9.939
E09000021,Kingston upon Thames,2015,38,0.227
E09000022,Lambeth,2015,1428,4.423
E09000023,Lewisham,2015,615,2.082
E09000024,Merton,2015,113,0.529
E09000025,Newham,2015,198,0.599
E09000026,Redbridge,2015,30,0.1
E09000027,Richmond upon Thames,2015,100,0.513
E09000028,Southwark,2015,1151,3.786
E09000029,Sutton,2015,0,0.0
E09000030,Tower Hamlets,2015,2237,7.914
E09000031,Waltham Forest,2015,79,0.288
E09000032,Wandsworth,2015,977,3.028
E09000033,Westminster,2015,2421,11.215
E09000002,Barking and Dagenham,2019,315,1.439
E09000003,Barnet,2019,1534,3.927
E09000004,Bexley,2019,242,0.981
E09000005,Brent,2019,2375,6.836
E09000006,Bromley,2019,651,1.966
E09000007,Camden,2019,5685,26.182
E09000001,City of London,2019,436,49.743
E09000008,Croydon,2019,1067,2.731
E09000009,Ealing,2019,1599,4.354
E09000010,Enfield,2019,587,1.751
E09000011,Greenwich,2019,1591,5.52
E09000012,Hackney,2019,5950,22.383
E09000013,Hammersmith and Fulham,2019,4043,21.441
E09000014,Haringey,2019,2077,7.588
E09000015,Harrow,2019,451,1.721
E09000016,Havering,2019,219,0.838
E09000017,Hillingdon,2019,586,1.917
E09000018,Hounslow,2019,998,3.446
E09000019,Islington,2019,4948,22.289
E09000020,Kensington and Chelsea,2019,5723,38.984
E09000021,Kingston upon Thames,2019,526,3.098
E09000022,Lambeth,2019,4678,14.197
E09000023,Lewisham,2019,2246,7.342
E09000024,Merton,2019,1326,6.104
E09000025,Newham,2019,1889,5.4
E09000026,Redbridge,2019,646,2.072
E09000027,Richmond upon Thames,2019,1147,5.788
E09000028,Southwark,2019,4751,15.199
E09000029,Sutton,2019,259,1.242
E09000030,Tower Hamlets,2019,7752,25.411
E09000031,Waltham Forest,2019,1326,4.719
E09000032,Wandsworth,2019,4082,12.201
E09000033,Westminster,2019,9062,43.481
E09000002,Barking and Dagenham,2026,689,2.891
E09000003,Barnet,2026,2367,5.8
E09000004,Bexley,2026,632,2.458
E09000005,Brent,2026,2939,8.345
E09000006,Bromley,2026,912,2.714
E09000007,Camden,2026,6230,28.755
E09000001,City of London,2026,591,37.809
E09000008,Croydon,2026,1772,4.321
E09000009,Ealing,2026,2418,6.247
E09000010,Enfield,2026,889,2.699
E09000011,Greenwich,2026,1918,6.367
E09000012,Hackney,2026,5766,21.657
E09000013,Hammersmith and Fulham,2026,4059,21.339
E09000014,Haringey,2026,2517,9.455
E09000015,Harrow,2026,641,2.351
E09000016,Havering,2026,520,1.852
E09000017,Hillingdon,2026,967,2.96
E09000018,Hounslow,2026,1357,4.531
E09000019,Islington,2026,4752,21.162
E09000020,Kensington and Chelsea,2026,6204,42.571
E09000021,Kingston upon Thames,2026,703,4.069
E09000022,Lambeth,2026,4985,15.861
E09000023,Lewisham,2026,2593,8.614
E09000024,Merton,2026,1603,7.323
E09000025,Newham,2026,2518,6.687
E09000026,Redbridge,2026,993,3.085
E09000027,Richmond upon Thames,2026,1257,6.39
E09000028,Southwark,2026,5158,16.513
E09000029,Sutton,2026,483,2.257
E09000030,Tower Hamlets,2026,6865,20.539
E09000031,Waltham Forest,2026,1856,6.542
E09000032,Wandsworth,2026,4724,13.9
E09000033,Westminster,2026,10921,51.425
