Borough,Area Code,Population 2025,Density 2025 (people/km2),Median age 2025,Share 0-15 %,Share 16-64 %,Share 65+ %,Share female %,Share male %,No qualifications %,Level 4+ %,UK-born %,Non-UK-born %,EU-born %,Africa-born %,Middle East & Asia-born %,Americas & Caribbean-born %,Median gross weekly earnings 2024 (GBP)
Croydon,E09000008,410085.0,4743.0,38.1,19.7,66.01,14.29,51.76,48.24,16.07,41.03,65.15,34.85,9.39,8.63,9.97,5.2,721.3
Barnet,E09000003,408087.0,4703.0,38.8,19.77,64.91,15.33,51.18,48.82,15.44,49.02,56.84,43.16,14.4,6.96,15.31,2.56,714.6
Ealing,E09000009,387072.0,6969.0,36.9,17.77,69.23,13.0,50.31,49.69,17.92,44.34,49.18,50.82,14.94,6.71,23.11,3.23,684.8
Newham,E09000025,376542.0,10403.0,31.8,18.76,73.46,7.78,48.9,51.1,20.69,40.24,46.28,53.72,15.95,8.31,23.16,3.42,635.9
Brent,E09000005,352201.0,8146.0,35.5,17.84,69.53,12.63,50.73,49.27,21.72,39.98,43.92,56.08,16.21,9.86,22.52,5.35,646.2
Wandsworth,E09000032,339859.0,9919.0,33.3,14.95,74.82,10.23,52.77,47.23,9.94,62.64,62.08,37.92,13.54,6.2,8.47,5.59,843.3
Bromley,E09000006,336048.0,2238.0,42.1,19.05,62.69,18.26,52.07,47.93,13.8,42.82,79.72,20.28,6.6,3.82,5.65,2.28,818.9
Tower Hamlets,E09000030,334240.0,16906.0,30.8,15.95,77.97,6.08,49.81,50.19,16.21,50.34,53.2,46.8,13.89,4.24,21.88,3.54,766.5
Enfield,E09000010,329400.0,4077.0,38.8,20.54,64.36,15.1,52.12,47.88,22.48,36.31,59.65,40.35,14.82,8.26,5.95,3.24,646.2
Hillingdon,E09000017,326671.0,2823.0,36.9,19.7,66.73,13.58,50.03,49.97,18.15,37.48,61.54,38.46,9.28,6.06,19.76,1.64,689.9
Redbridge,E09000026,321829.0,5707.0,35.9,20.68,66.49,12.82,49.59,50.41,17.33,42.43,56.39,43.61,10.49,5.59,22.68,1.71,669.0
Lambeth,E09000022,314298.0,11724.0,33.6,13.64,76.39,9.96,51.56,48.44,13.08,56.26,61.42,38.58,13.13,8.55,5.05,9.05,797.4
Southwark,E09000028,312366.0,10817.0,33.9,14.73,75.68,9.59,51.72,48.28,13.87,54.86,59.29,40.71,11.91,10.7,7.08,8.18,788.6
Greenwich,E09000011,301225.0,6367.0,35.9,18.34,70.57,11.1,51.13,48.87,16.68,45.67,62.47,37.53,11.17,10.45,9.65,3.32,749.6
Lewisham,E09000023,301037.0,8565.0,36.5,17.63,71.57,10.81,52.78,47.22,14.62,49.84,64.38,35.62,11.04,8.36,6.29,7.37,706.4
Hounslow,E09000018,299486.0,5352.0,37.5,18.93,68.43,12.64,49.9,50.1,18.64,41.58,50.51,49.49,12.54,6.66,25.36,2.05,659.3
Waltham Forest,E09000031,283713.0,7310.0,36.9,18.94,70.01,11.05,50.93,49.07,18.24,43.17,61.44,38.56,14.95,6.0,9.28,3.96,717.7
Havering,E09000016,280787.0,2500.0,39.2,20.32,62.41,17.27,51.49,48.51,20.0,29.52,80.58,19.42,6.95,3.96,5.43,1.1,710.8
Harrow,E09000015,272612.0,5402.0,38.2,18.86,65.06,16.09,50.25,49.75,17.39,44.99,48.86,51.14,14.6,10.25,22.79,1.93,669.2
Hackney,E09000012,266241.0,13980.0,32.9,17.35,73.74,8.91,52.18,47.82,16.73,52.38,60.28,39.72,12.47,7.71,6.58,6.65,762.5
Haringey,E09000014,266218.0,8992.0,37.0,16.95,71.38,11.67,52.12,47.88,18.48,48.27,54.16,45.84,18.36,7.46,5.83,7.22,727.8
Bexley,E09000004,257103.0,4245.0,39.8,19.72,63.4,16.87,51.77,48.23,18.17,31.58,79.0,21.0,5.96,6.52,5.92,1.18,694.4
Barking and Dagenham,E09000002,238295.0,6601.0,33.2,24.27,67.12,8.61,50.61,49.39,22.75,33.26,58.7,41.3,13.13,10.41,13.08,1.54,612.9
Islington,E09000019,224551.0,15113.0,33.0,13.5,76.49,10.01,52.83,47.17,13.75,56.62,60.12,39.88,14.45,6.37,7.16,5.93,811.2
Merton,E09000024,218891.0,5818.0,38.3,18.19,68.22,13.59,51.34,48.66,14.24,50.02,59.13,40.87,13.93,7.02,12.3,4.52,721.6
Camden,E09000007,216658.0,9948.0,33.9,13.24,74.22,12.54,52.92,47.08,11.77,57.29,54.56,45.44,14.45,6.23,13.7,6.05,766.6
Sutton,E09000029,213972.0,4880.0,40.7,20.43,63.9,15.67,51.42,48.58,15.17,39.77,72.24,27.76,8.11,4.4,11.51,1.82,728.7
Westminster,E09000033,212367.0,9886.0,35.7,11.37,75.62,13.02,51.62,48.38,12.89,57.68,44.41,55.59,17.84,6.8,17.45,7.32,843.3
Richmond upon Thames,E09000027,196713.0,3428.0,43.2,19.03,63.43,17.54,52.12,47.88,9.09,60.38,71.21,28.79,10.25,3.5,7.19,3.6,824.0
Hammersmith and Fulham,E09000013,190216.0,11598.0,34.2,14.24,74.53,11.24,53.54,46.46,11.86,57.59,54.5,45.5,17.05,6.91,10.34,6.24,798.5
Kingston upon Thames,E09000021,172761.0,4637.0,39.5,18.28,66.31,15.41,52.21,47.79,11.91,51.36,66.29,33.71,10.23,4.03,14.12,2.46,727.4
Kensington and Chelsea,E09000020,145734.0,12019.0,39.5,12.77,71.12,16.12,53.37,46.63,11.35,59.49,46.08,53.92,19.19,6.55,13.23,8.59,810.1
City of London,E09000001,15631.0,5409.0,33.5,3.59,87.19,9.22,45.67,54.33,6.61,74.18,50.44,49.56,18.35,3.64,13.59,7.53,
