Borough,Area Code,Listings 2015,Listings 2019,Listings 2026,Listings per 1000 2015,Listings per 1000 2019,Listings per 1000 2026,Population 2025,Density 2025 (people/km2),Median age 2025,Population growth 2024-25 %,No qualifications share 2021 %,Level 4+ share 2021 %,UK-born share 2021 %,Non-UK-born share 2021 %,Africa-born share 2021 %,Middle East & Asia-born share 2021 %,Americas & Caribbean-born share 2021 %,Median gross weekly earnings 2024 (GBP),Approx. monthly gross (GBP),Latitude,Longitude
Westminster,E09000033,2421,9062,10921,11.21,43.48,51.42,212367.0,9886.0,35.7,-1.54,12.89,57.68,44.41,55.59,6.8,17.45,7.32,843.3,3654.3,51.5139,-0.1613
Tower Hamlets,E09000030,2237,7752,6865,7.91,25.41,20.54,334240.0,16906.0,30.8,-0.57,16.21,50.34,53.2,46.8,4.24,21.88,3.54,766.5,3321.5,51.51506,-0.03247
Camden,E09000007,1400,5685,6230,6.33,26.18,28.75,216658.0,9948.0,33.9,-1.77,11.77,57.29,54.56,45.44,6.23,13.7,6.05,766.6,3321.9,51.54639,-0.15742
Kensington and Chelsea,E09000020,1552,5723,6204,9.94,38.98,42.57,145734.0,12019.0,39.5,-1.03,11.35,59.49,46.08,53.92,6.55,13.23,8.59,810.1,3510.4,51.50327,-0.19261
Hackney,E09000012,2225,5950,5766,8.49,22.38,21.66,266241.0,13980.0,32.9,-0.9,16.73,52.38,60.28,39.72,7.71,6.58,6.65,762.5,3304.2,51.54977,-0.06565
Southwark,E09000028,1151,4751,5158,3.79,15.20,16.51,312366.0,10817.0,33.9,-1.48,13.87,54.86,59.29,40.71,10.7,7.08,8.18,788.6,3417.3,51.47314,-0.0746
Lambeth,E09000022,1428,4678,4985,4.42,14.20,15.86,314298.0,11724.0,33.6,-1.43,13.08,56.26,61.42,38.58,8.55,5.05,9.05,797.4,3455.4,51.45308,-0.11828
Islington,E09000019,1695,4948,4752,7.77,22.29,21.16,224551.0,15113.0,33.0,-0.72,13.75,56.62,60.12,39.88,6.37,7.16,5.93,811.2,3515.2,51.5455,-0.10745
Wandsworth,E09000032,977,4082,4724,3.03,12.20,13.90,339859.0,9919.0,33.3,0.04,9.94,62.64,62.08,37.92,6.2,8.47,5.59,843.3,3654.3,51.45135,-0.18644
Hammersmith and Fulham,E09000013,1048,4043,4059,5.60,21.44,21.34,190216.0,11598.0,34.2,-0.31,11.86,57.59,54.5,45.5,6.91,10.34,6.24,798.5,3460.2,51.4976,-0.22313
Brent,E09000005,146,2375,2939,0.43,6.84,8.35,352201.0,8146.0,35.5,-0.9,21.72,39.98,43.92,56.08,9.86,22.52,5.35,646.2,2800.2,51.55855,-0.26781
Lewisham,E09000023,615,2246,2593,2.08,7.34,8.61,301037.0,8565.0,36.5,-0.46,14.62,49.84,64.38,35.62,8.36,6.29,7.37,706.4,3061.1,51.44809,-0.02025
Newham,E09000025,198,1889,2518,0.60,5.40,6.69,376542.0,10403.0,31.8,-0.77,20.69,40.24,46.28,53.72,8.31,23.16,3.42,635.9,2755.6,51.52834,0.03639
Haringey,E09000014,222,2077,2517,0.81,7.59,9.46,266218.0,8992.0,37.0,-0.86,18.48,48.27,54.16,45.84,7.46,5.83,7.22,727.8,3153.8,51.59037,-0.10747
Ealing,E09000009,192,1599,2418,0.54,4.35,6.25,387072.0,6969.0,36.9,-0.16,17.92,44.34,49.18,50.82,6.71,23.11,3.23,684.8,2967.5,51.52248,-0.33102
Barnet,E09000003,65,1534,2367,0.17,3.93,5.80,408087.0,4703.0,38.8,0.47,15.44,49.02,56.84,43.16,6.96,15.31,2.56,714.6,3096.6,51.61602,-0.21002
Greenwich,E09000011,116,1591,1918,0.42,5.52,6.37,301225.0,6367.0,35.9,-0.01,16.68,45.67,62.47,37.53,10.45,9.65,3.32,749.6,3248.3,51.4728,0.05624
Waltham Forest,E09000031,79,1326,1856,0.29,4.72,6.54,283713.0,7310.0,36.9,-0.02,18.24,43.17,61.44,38.56,6.0,9.28,3.96,717.7,3110.0,51.59402,-0.01265
Croydon,E09000008,63,1067,1772,0.17,2.73,4.32,410085.0,4743.0,38.1,0.35,16.07,41.03,65.15,34.85,8.63,9.97,5.2,721.3,3125.6,51.35532,-0.08717
Merton,E09000024,113,1326,1603,0.53,6.10,7.32,218891.0,5818.0,38.3,-0.51,14.24,50.02,59.13,40.87,7.02,12.3,4.52,721.6,3126.9,51.40995,-0.19725
Hounslow,E09000018,70,998,1357,0.25,3.45,4.53,299486.0,5352.0,37.5,-0.19,18.64,41.58,50.51,49.49,6.66,25.36,2.05,659.3,2857.0,51.46838,-0.36715
Richmond upon Thames,E09000027,100,1147,1257,0.51,5.79,6.39,196713.0,3428.0,43.2,-0.13,9.09,60.38,71.21,28.79,3.5,7.19,3.6,824.0,3570.7,51.44217,-0.31299
Redbridge,E09000026,30,646,993,0.10,2.07,3.08,321829.0,5707.0,35.9,-0.36,17.33,42.43,56.39,43.61,5.59,22.68,1.71,669.0,2899.0,51.58567,0.07586
Hillingdon,E09000017,29,586,967,0.10,1.92,2.96,326671.0,2823.0,36.9,-0.37,18.15,37.48,61.54,38.46,6.06,19.76,1.64,689.9,2989.6,51.54147,-0.44566
Bromley,E09000006,36,651,912,0.11,1.97,2.71,336048.0,2238.0,42.1,0.42,13.8,42.82,79.72,20.28,3.82,5.65,2.28,818.9,3548.6,51.37198,0.05154
Enfield,E09000010,43,587,889,0.13,1.75,2.70,329400.0,4077.0,38.8,-0.61,22.48,36.31,59.65,40.35,8.26,5.95,3.24,646.2,2800.2,51.65099,-0.08727
Kingston upon Thames,E09000021,38,526,703,0.23,3.10,4.07,172761.0,4637.0,39.5,-0.12,11.91,51.36,66.29,33.71,4.03,14.12,2.46,727.4,3152.1,51.38789,-0.28691
Barking and Dagenham,E09000002,7,315,689,0.03,1.44,2.89,238295.0,6601.0,33.2,1.46,22.75,33.26,58.7,41.3,10.41,13.08,1.54,612.9,2655.9,51.54527,0.13352
Harrow,E09000015,15,451,641,0.06,1.72,2.35,272612.0,5402.0,38.2,0.6,17.39,44.99,48.86,51.14,10.25,22.79,1.93,669.2,2899.9,51.59772,-0.34127
Bexley,E09000004,5,242,632,0.02,0.98,2.46,257103.0,4245.0,39.8,0.32,18.17,31.58,79.0,21.0,6.52,5.92,1.18,694.4,3009.1,51.45881,0.14035
City of London,E09000001,120,436,591,15.65,49.74,37.81,15631.0,5409.0,33.5,0.86,6.61,74.18,50.44,49.56,3.64,13.59,7.53,,,51.51529,-0.09232
Havering,E09000016,0,219,520,0.00,0.84,1.85,280787.0,2500.0,39.2,1.35,20.0,29.52,80.58,19.42,3.96,5.43,1.1,710.8,3080.1,51.56437,0.22112
Sutton,E09000029,0,259,483,0.00,1.24,2.26,213972.0,4880.0,40.7,0.14,15.17,39.77,72.24,27.76,4.4,11.51,1.82,728.7,3157.7,51.36209,-0.17757
