Borough,Area Code,Year,Population,Population density (people/km2),Median age,Population growth vs previous year %,Population in thousands,Source
Barking and Dagenham,E09000002,2011,187029.0,5181.0,32.1,,187.0,ONS Mid-Year Population Estimates
Barnet,E09000003,2011,357538.0,4121.0,35.4,,357.5,ONS Mid-Year Population Estimates
Bexley,E09000004,2011,232774.0,3843.0,39.3,,232.8,ONS Mid-Year Population Estimates
Brent,E09000005,2011,312245.0,7222.0,33.0,,312.2,ONS Mid-Year Population Estimates
Bromley,E09000006,2011,310554.0,2069.0,40.6,,310.6,ONS Mid-Year Population Estimates
Camden,E09000007,2011,220087.0,10106.0,33.2,,220.1,ONS Mid-Year Population Estimates
City of London,E09000001,2011,7412.0,2565.0,40.0,,7.4,ONS Mid-Year Population Estimates
Croydon,E09000008,2011,364815.0,4219.0,35.8,,364.8,ONS Mid-Year Population Estimates
Ealing,E09000009,2011,339314.0,6109.0,34.0,,339.3,ONS Mid-Year Population Estimates
Enfield,E09000010,2011,313935.0,3885.0,34.8,,313.9,ONS Mid-Year Population Estimates
Greenwich,E09000011,2011,255483.0,5400.0,33.3,,255.5,ONS Mid-Year Population Estimates
Hackney,E09000012,2011,247182.0,12980.0,30.9,,247.2,ONS Mid-Year Population Estimates
Hammersmith and Fulham,E09000013,2011,182445.0,11124.0,32.6,,182.4,ONS Mid-Year Population Estimates
Haringey,E09000014,2011,255540.0,8631.0,33.0,,255.5,ONS Mid-Year Population Estimates
Harrow,E09000015,2011,240499.0,4766.0,36.3,,240.5,ONS Mid-Year Population Estimates
Havering,E09000016,2011,237927.0,2118.0,40.9,,237.9,ONS Mid-Year Population Estimates
Hillingdon,E09000017,2011,275499.0,2381.0,35.0,,275.5,ONS Mid-Year Population Estimates
Hounslow,E09000018,2011,254927.0,4555.0,33.7,,254.9,ONS Mid-Year Population Estimates
Islington,E09000019,2011,206285.0,13884.0,32.0,,206.3,ONS Mid-Year Population Estimates
Kensington and Chelsea,E09000020,2011,158251.0,13051.0,36.2,,158.3,ONS Mid-Year Population Estimates
Kingston upon Thames,E09000021,2011,160436.0,4306.0,36.0,,160.4,ONS Mid-Year Population Estimates
Lambeth,E09000022,2011,304481.0,11358.0,32.0,,304.5,ONS Mid-Year Population Estimates
Lewisham,E09000023,2011,276938.0,7880.0,33.6,,276.9,ONS Mid-Year Population Estimates
Merton,E09000024,2011,200543.0,5330.0,34.9,,200.5,ONS Mid-Year Population Estimates
Newham,E09000025,2011,310460.0,8577.0,29.4,,310.5,ONS Mid-Year Population Estimates
Redbridge,E09000026,2011,281395.0,4990.0,34.0,,281.4,ONS Mid-Year Population Estimates
Richmond upon Thames,E09000027,2011,187527.0,3268.0,38.4,,187.5,ONS Mid-Year Population Estimates
Southwark,E09000028,2011,288717.0,9998.0,32.3,,288.7,ONS Mid-Year Population Estimates
Sutton,E09000029,2011,191123.0,4359.0,38.4,,191.1,ONS Mid-Year Population Estimates
Tower Hamlets,E09000030,2011,256012.0,12949.0,29.3,,256.0,ONS Mid-Year Population Estimates
Waltham Forest,E09000031,2011,259742.0,6693.0,33.0,,259.7,ONS Mid-Year Population Estimates
Wandsworth,E09000032,2011,307710.0,8981.0,32.4,,307.7,ONS Mid-Year Population Estimates
Westminster,E09000033,2011,219582.0,10221.0,34.5,,219.6,ONS Mid-Year Population Estimates
Barking and Dagenham,E09000002,2012,191453.0,5303.0,32.0,2.37,191.5,ONS Mid-Year Population Estimates
Barnet,E09000003,2012,363260.0,4187.0,35.5,1.6,363.3,ONS Mid-Year Population Estimates
Bexley,E09000004,2012,234435.0,3870.0,39.2,0.71,234.4,ONS Mid-Year Population Estimates
Brent,E09000005,2012,317984.0,7355.0,33.3,1.84,318.0,ONS Mid-Year Population Estimates
Bromley,E09000006,2012,314663.0,2096.0,40.6,1.32,314.7,ONS Mid-Year Population Estimates
Camden,E09000007,2012,219647.0,10085.0,33.4,-0.2,219.6,ONS Mid-Year Population Estimates
City of London,E09000001,2012,7514.0,2600.0,40.1,1.38,7.5,ONS Mid-Year Population Estimates
Croydon,E09000008,2012,369617.0,4275.0,35.8,1.32,369.6,ONS Mid-Year Population Estimates
Ealing,E09000009,2012,344834.0,6209.0,34.2,1.63,344.8,ONS Mid-Year Population Estimates
Enfield,E09000010,2012,317780.0,3933.0,35.0,1.22,317.8,ONS Mid-Year Population Estimates
Greenwich,E09000011,2012,260360.0,5503.0,33.5,1.91,260.4,ONS Mid-Year Population Estimates
Hackney,E09000012,2012,251193.0,13190.0,31.2,1.62,251.2,ONS Mid-Year Population Estimates
Hammersmith and Fulham,E09000013,2012,184439.0,11245.0,32.8,1.09,184.4,ONS Mid-Year Population Estimates
Haringey,E09000014,2012,259312.0,8759.0,33.3,1.48,259.3,ONS Mid-Year Population Estimates
Harrow,E09000015,2012,243800.0,4831.0,36.3,1.37,243.8,ONS Mid-Year Population Estimates
Havering,E09000016,2012,239946.0,2136.0,41.0,0.85,239.9,ONS Mid-Year Population Estimates
Hillingdon,E09000017,2012,281263.0,2431.0,35.0,2.09,281.3,ONS Mid-Year Population Estimates
Hounslow,E09000018,2012,260584.0,4656.0,33.9,2.22,260.6,ONS Mid-Year Population Estimates
Islington,E09000019,2012,208762.0,14051.0,32.2,1.2,208.8,ONS Mid-Year Population Estimates
Kensington and Chelsea,E09000020,2012,157240.0,12968.0,36.6,-0.64,157.2,ONS Mid-Year Population Estimates
Kingston upon Thames,E09000021,2012,162562.0,4363.0,36.1,1.33,162.6,ONS Mid-Year Population Estimates
Lambeth,E09000022,2012,310449.0,11581.0,32.1,1.96,310.4,ONS Mid-Year Population Estimates
Lewisham,E09000023,2012,281011.0,7996.0,33.8,1.47,281.0,ONS Mid-Year Population Estimates
Merton,E09000024,2012,205166.0,5453.0,35.0,2.31,205.2,ONS Mid-Year Population Estimates
Newham,E09000025,2012,313750.0,8668.0,29.8,1.06,313.8,ONS Mid-Year Population Estimates
Redbridge,E09000026,2012,285437.0,5061.0,34.1,1.44,285.4,ONS Mid-Year Population Estimates
Richmond upon Thames,E09000027,2012,189934.0,3310.0,38.6,1.28,189.9,ONS Mid-Year Population Estimates
Southwark,E09000028,2012,293078.0,10149.0,32.4,1.51,293.1,ONS Mid-Year Population Estimates
Sutton,E09000029,2012,193982.0,4424.0,38.5,1.5,194.0,ONS Mid-Year Population Estimates
Tower Hamlets,E09000030,2012,261936.0,13248.0,29.5,2.31,261.9,ONS Mid-Year Population Estimates
Waltham Forest,E09000031,2012,263575.0,6791.0,33.2,1.48,263.6,ONS Mid-Year Population Estimates
Wandsworth,E09000032,2012,312262.0,9114.0,32.5,1.48,312.3,ONS Mid-Year Population Estimates
Westminster,E09000033,2012,219539.0,10219.0,34.7,-0.02,219.5,ONS Mid-Year Population Estimates
Barking and Dagenham,E09000002,2013,196204.0,5435.0,32.1,2.48,196.2,ONS Mid-Year Population Estimates
Barnet,E09000003,2013,368611.0,4248.0,35.7,1.47,368.6,ONS Mid-Year Population Estimates
Bexley,E09000004,2013,236169.0,3899.0,39.2,0.74,236.2,ONS Mid-Year Population Estimates
Brent,E09000005,2013,324345.0,7502.0,33.5,2.0,324.3,ONS Mid-Year Population Estimates
Bromley,E09000006,2013,318582.0,2122.0,40.6,1.25,318.6,ONS Mid-Year Population Estimates
Camden,E09000007,2013,221348.0,10164.0,33.5,0.77,221.3,ONS Mid-Year Population Estimates
City of London,E09000001,2013,7537.0,2608.0,40.3,0.31,7.5,ONS Mid-Year Population Estimates
Croydon,E09000008,2013,374270.0,4329.0,36.0,1.26,374.3,ONS Mid-Year Population Estimates
Ealing,E09000009,2013,350650.0,6313.0,34.4,1.69,350.6,ONS Mid-Year Population Estimates
Enfield,E09000010,2013,321754.0,3982.0,35.2,1.25,321.8,ONS Mid-Year Population Estimates
Greenwich,E09000011,2013,264036.0,5581.0,33.7,1.41,264.0,ONS Mid-Year Population Estimates
Hackney,E09000012,2013,255646.0,13424.0,31.4,1.77,255.6,ONS Mid-Year Population Estimates
Hammersmith and Fulham,E09000013,2013,186056.0,11344.0,32.9,0.88,186.1,ONS Mid-Year Population Estimates
Haringey,E09000014,2013,265054.0,8953.0,33.5,2.21,265.1,ONS Mid-Year Population Estimates
Harrow,E09000015,2013,247018.0,4895.0,36.4,1.32,247.0,ONS Mid-Year Population Estimates
Havering,E09000016,2013,242550.0,2159.0,40.8,1.09,242.6,ONS Mid-Year Population Estimates
Hillingdon,E09000017,2013,285982.0,2472.0,35.1,1.68,286.0,ONS Mid-Year Population Estimates
Hounslow,E09000018,2013,265547.0,4745.0,34.2,1.9,265.5,ONS Mid-Year Population Estimates
Islington,E09000019,2013,212604.0,14309.0,32.4,1.84,212.6,ONS Mid-Year Population Estimates
Kensington and Chelsea,E09000020,2013,156823.0,12933.0,36.8,-0.27,156.8,ONS Mid-Year Population Estimates
Kingston upon Thames,E09000021,2013,164418.0,4413.0,36.2,1.14,164.4,ONS Mid-Year Population Estimates
Lambeth,E09000022,2013,314375.0,11727.0,32.2,1.26,314.4,ONS Mid-Year Population Estimates
Lewisham,E09000023,2013,286056.0,8139.0,34.0,1.8,286.1,ONS Mid-Year Population Estimates
Merton,E09000024,2013,208529.0,5542.0,35.2,1.64,208.5,ONS Mid-Year Population Estimates
Newham,E09000025,2013,316952.0,8757.0,30.2,1.02,317.0,ONS Mid-Year Population Estimates
Redbridge,E09000026,2013,289976.0,5142.0,34.3,1.59,290.0,ONS Mid-Year Population Estimates
Richmond upon Thames,E09000027,2013,192375.0,3352.0,38.8,1.29,192.4,ONS Mid-Year Population Estimates
Southwark,E09000028,2013,297868.0,10315.0,32.5,1.63,297.9,ONS Mid-Year Population Estimates
Sutton,E09000029,2013,196678.0,4486.0,38.5,1.39,196.7,ONS Mid-Year Population Estimates
Tower Hamlets,E09000030,2013,270294.0,13671.0,29.6,3.19,270.3,ONS Mid-Year Population Estimates
Waltham Forest,E09000031,2013,267963.0,6904.0,33.4,1.66,268.0,ONS Mid-Year Population Estimates
Wandsworth,E09000032,2013,316810.0,9247.0,32.7,1.46,316.8,ONS Mid-Year Population Estimates
Westminster,E09000033,2013,215907.0,10050.0,35.2,-1.65,215.9,ONS Mid-Year Population Estimates
Barking and Dagenham,E09000002,2014,201244.0,5574.0,32.1,2.57,201.2,ONS Mid-Year Population Estimates
Barnet,E09000003,2014,373853.0,4309.0,35.9,1.42,373.9,ONS Mid-Year Population Estimates
Bexley,E09000004,2014,239112.0,3948.0,39.1,1.25,239.1,ONS Mid-Year Population Estimates
Brent,E09000005,2014,329981.0,7632.0,33.9,1.74,330.0,ONS Mid-Year Population Estimates
Bromley,E09000006,2014,321800.0,2143.0,40.6,1.01,321.8,ONS Mid-Year Population Estimates
Camden,E09000007,2014,221095.0,10152.0,33.7,-0.11,221.1,ONS Mid-Year Population Estimates
City of London,E09000001,2014,7567.0,2618.0,41.0,0.4,7.6,ONS Mid-Year Population Estimates
Croydon,E09000008,2014,378244.0,4374.0,36.1,1.06,378.2,ONS Mid-Year Population Estimates
Ealing,E09000009,2014,354660.0,6385.0,34.8,1.14,354.7,ONS Mid-Year Population Estimates
Enfield,E09000010,2014,326340.0,4039.0,35.4,1.43,326.3,ONS Mid-Year Population Estimates
Greenwich,E09000011,2014,268305.0,5671.0,34.0,1.62,268.3,ONS Mid-Year Population Estimates
Hackney,E09000012,2014,258735.0,13586.0,31.6,1.21,258.7,ONS Mid-Year Population Estimates
Hammersmith and Fulham,E09000013,2014,186659.0,11381.0,33.1,0.32,186.7,ONS Mid-Year Population Estimates
Haringey,E09000014,2014,268901.0,9083.0,33.7,1.45,268.9,ONS Mid-Year Population Estimates
Harrow,E09000015,2014,251618.0,4986.0,36.5,1.86,251.6,ONS Mid-Year Population Estimates
Havering,E09000016,2014,246771.0,2197.0,40.5,1.74,246.8,ONS Mid-Year Population Estimates
Hillingdon,E09000017,2014,290225.0,2508.0,35.2,1.48,290.2,ONS Mid-Year Population Estimates
Hounslow,E09000018,2014,270773.0,4838.0,34.5,1.97,270.8,ONS Mid-Year Population Estimates
Islington,E09000019,2014,214986.0,14469.0,32.5,1.12,215.0,ONS Mid-Year Population Estimates
Kensington and Chelsea,E09000020,2014,156178.0,12880.0,37.0,-0.41,156.2,ONS Mid-Year Population Estimates
Kingston upon Thames,E09000021,2014,165791.0,4450.0,36.5,0.84,165.8,ONS Mid-Year Population Estimates
Lambeth,E09000022,2014,318196.0,11870.0,32.4,1.22,318.2,ONS Mid-Year Population Estimates
Lewisham,E09000023,2014,291086.0,8282.0,34.1,1.76,291.1,ONS Mid-Year Population Estimates
Merton,E09000024,2014,211025.0,5609.0,35.4,1.2,211.0,ONS Mid-Year Population Estimates
Newham,E09000025,2014,322984.0,8923.0,30.6,1.9,323.0,ONS Mid-Year Population Estimates
Redbridge,E09000026,2014,295837.0,5246.0,34.4,2.02,295.8,ONS Mid-Year Population Estimates
Richmond upon Thames,E09000027,2014,194492.0,3389.0,39.1,1.1,194.5,ONS Mid-Year Population Estimates
Southwark,E09000028,2014,299685.0,10378.0,32.6,0.61,299.7,ONS Mid-Year Population Estimates
Sutton,E09000029,2014,199144.0,4542.0,38.6,1.25,199.1,ONS Mid-Year Population Estimates
Tower Hamlets,E09000030,2014,277060.0,14013.0,29.8,2.5,277.1,ONS Mid-Year Population Estimates
Waltham Forest,E09000031,2014,270606.0,6973.0,33.7,0.99,270.6,ONS Mid-Year Population Estimates
Wandsworth,E09000032,2014,319898.0,9337.0,32.9,0.97,319.9,ONS Mid-Year Population Estimates
Westminster,E09000033,2014,214341.0,9977.0,35.6,-0.73,214.3,ONS Mid-Year Population Estimates
Barking and Dagenham,E09000002,2015,206450.0,5719.0,32.1,2.59,206.4,ONS Mid-Year Population Estimates
Barnet,E09000003,2015,377826.0,4355.0,36.1,1.06,377.8,ONS Mid-Year Population Estimates
Bexley,E09000004,2015,241427.0,3986.0,39.0,0.97,241.4,ONS Mid-Year Population Estimates
Brent,E09000005,2015,335605.0,7762.0,34.1,1.7,335.6,ONS Mid-Year Population Estimates
Bromley,E09000006,2015,325653.0,2169.0,40.5,1.2,325.7,ONS Mid-Year Population Estimates
Camden,E09000007,2015,221032.0,10149.0,33.8,-0.03,221.0,ONS Mid-Year Population Estimates
City of London,E09000001,2015,7668.0,2653.0,40.9,1.33,7.7,ONS Mid-Year Population Estimates
Croydon,E09000008,2015,381277.0,4410.0,36.4,0.8,381.3,ONS Mid-Year Population Estimates
Ealing,E09000009,2015,359144.0,6466.0,35.0,1.26,359.1,ONS Mid-Year Population Estimates
Enfield,E09000010,2015,330868.0,4095.0,35.5,1.39,330.9,ONS Mid-Year Population Estimates
Greenwich,E09000011,2015,274230.0,5796.0,34.1,2.21,274.2,ONS Mid-Year Population Estimates
Hackney,E09000012,2015,261929.0,13754.0,31.9,1.23,261.9,ONS Mid-Year Population Estimates
Hammersmith and Fulham,E09000013,2015,187246.0,11417.0,33.3,0.31,187.2,ONS Mid-Year Population Estimates
Haringey,E09000014,2015,272938.0,9219.0,33.9,1.5,272.9,ONS Mid-Year Population Estimates
Harrow,E09000015,2015,255308.0,5059.0,36.6,1.47,255.3,ONS Mid-Year Population Estimates
Havering,E09000016,2015,250449.0,2229.0,40.1,1.49,250.4,ONS Mid-Year Population Estimates
Hillingdon,E09000017,2015,294011.0,2541.0,35.4,1.3,294.0,ONS Mid-Year Population Estimates
Hounslow,E09000018,2015,275097.0,4916.0,34.8,1.6,275.1,ONS Mid-Year Population Estimates
Islington,E09000019,2015,218255.0,14689.0,32.5,1.52,218.3,ONS Mid-Year Population Estimates
Kensington and Chelsea,E09000020,2015,156149.0,12878.0,37.2,-0.02,156.1,ONS Mid-Year Population Estimates
Kingston upon Thames,E09000021,2015,167594.0,4498.0,36.6,1.09,167.6,ONS Mid-Year Population Estimates
Lambeth,E09000022,2015,322881.0,12045.0,32.5,1.47,322.9,ONS Mid-Year Population Estimates
Lewisham,E09000023,2015,295364.0,8404.0,34.2,1.47,295.4,ONS Mid-Year Population Estimates
Merton,E09000024,2015,213791.0,5682.0,35.6,1.31,213.8,ONS Mid-Year Population Estimates
Newham,E09000025,2015,330322.0,9126.0,30.9,2.27,330.3,ONS Mid-Year Population Estimates
Redbridge,E09000026,2015,301022.0,5338.0,34.6,1.75,301.0,ONS Mid-Year Population Estimates
Richmond upon Thames,E09000027,2015,194966.0,3397.0,39.4,0.24,195.0,ONS Mid-Year Population Estimates
Southwark,E09000028,2015,304048.0,10529.0,32.7,1.46,304.0,ONS Mid-Year Population Estimates
Sutton,E09000029,2015,201208.0,4589.0,38.6,1.04,201.2,ONS Mid-Year Population Estimates
Tower Hamlets,E09000030,2015,282674.0,14297.0,29.9,2.03,282.7,ONS Mid-Year Population Estimates
Waltham Forest,E09000031,2015,274579.0,7075.0,33.9,1.47,274.6,ONS Mid-Year Population Estimates
Wandsworth,E09000032,2015,322658.0,9417.0,33.0,0.86,322.7,ONS Mid-Year Population Estimates
Westminster,E09000033,2015,215876.0,10049.0,35.5,0.72,215.9,ONS Mid-Year Population Estimates
Barking and Dagenham,E09000002,2016,211047.0,5846.0,32.3,2.23,211.0,ONS Mid-Year Population Estimates
Barnet,E09000003,2016,382925.0,4413.0,36.3,1.35,382.9,ONS Mid-Year Population Estimates
Bexley,E09000004,2016,244006.0,4028.0,38.9,1.07,244.0,ONS Mid-Year Population Estimates
Brent,E09000005,2016,339524.0,7853.0,34.3,1.17,339.5,ONS Mid-Year Population Estimates
Bromley,E09000006,2016,327701.0,2183.0,40.5,0.63,327.7,ONS Mid-Year Population Estimates
Camden,E09000007,2016,221024.0,10149.0,33.9,-0.0,221.0,ONS Mid-Year Population Estimates
City of London,E09000001,2016,7737.0,2677.0,41.0,0.9,7.7,ONS Mid-Year Population Estimates
Croydon,E09000008,2016,384382.0,4445.0,36.6,0.81,384.4,ONS Mid-Year Population Estimates
Ealing,E09000009,2016,362163.0,6521.0,35.4,0.84,362.2,ONS Mid-Year Population Estimates
Enfield,E09000010,2016,333295.0,4125.0,35.8,0.73,333.3,ONS Mid-Year Population Estimates
Greenwich,E09000011,2016,278768.0,5892.0,34.3,1.65,278.8,ONS Mid-Year Population Estimates
Hackney,E09000012,2016,264892.0,13909.0,32.1,1.13,264.9,ONS Mid-Year Population Estimates
Hammersmith and Fulham,E09000013,2016,187472.0,11430.0,33.5,0.12,187.5,ONS Mid-Year Population Estimates
Haringey,E09000014,2016,276262.0,9331.0,34.1,1.22,276.3,ONS Mid-Year Population Estimates
Harrow,E09000015,2016,257317.0,5099.0,36.8,0.79,257.3,ONS Mid-Year Population Estimates
Havering,E09000016,2016,254487.0,2265.0,39.7,1.61,254.5,ONS Mid-Year Population Estimates
Hillingdon,E09000017,2016,297451.0,2571.0,35.6,1.17,297.5,ONS Mid-Year Population Estimates
Hounslow,E09000018,2016,278601.0,4978.0,35.1,1.27,278.6,ONS Mid-Year Population Estimates
Islington,E09000019,2016,220620.0,14849.0,32.5,1.08,220.6,ONS Mid-Year Population Estimates
Kensington and Chelsea,E09000020,2016,152708.0,12594.0,37.8,-2.2,152.7,ONS Mid-Year Population Estimates
Kingston upon Thames,E09000021,2016,168617.0,4526.0,36.8,0.61,168.6,ONS Mid-Year Population Estimates
Lambeth,E09000022,2016,326613.0,12184.0,32.6,1.16,326.6,ONS Mid-Year Population Estimates
Lewisham,E09000023,2016,298809.0,8502.0,34.4,1.17,298.8,ONS Mid-Year Population Estimates
Merton,E09000024,2016,215514.0,5728.0,35.9,0.81,215.5,ONS Mid-Year Population Estimates
Newham,E09000025,2016,335337.0,9265.0,31.2,1.52,335.3,ONS Mid-Year Population Estimates
Redbridge,E09000026,2016,304369.0,5397.0,34.8,1.11,304.4,ONS Mid-Year Population Estimates
Richmond upon Thames,E09000027,2016,196293.0,3420.0,39.7,0.68,196.3,ONS Mid-Year Population Estimates
Southwark,E09000028,2016,306720.0,10621.0,32.8,0.88,306.7,ONS Mid-Year Population Estimates
Sutton,E09000029,2016,203299.0,4637.0,38.6,1.04,203.3,ONS Mid-Year Population Estimates
Tower Hamlets,E09000030,2016,289011.0,14618.0,30.0,2.24,289.0,ONS Mid-Year Population Estimates
Waltham Forest,E09000031,2016,277081.0,7139.0,34.2,0.91,277.1,ONS Mid-Year Population Estimates
Wandsworth,E09000032,2016,326413.0,9527.0,33.1,1.16,326.4,ONS Mid-Year Population Estimates
Westminster,E09000033,2016,213193.0,9924.0,35.7,-1.24,213.2,ONS Mid-Year Population Estimates
Barking and Dagenham,E09000002,2017,214017.0,5928.0,32.5,1.41,214.0,ONS Mid-Year Population Estimates
Barnet,E09000003,2017,384117.0,4427.0,36.6,0.31,384.1,ONS Mid-Year Population Estimates
Bexley,E09000004,2017,244494.0,4036.0,39.0,0.2,244.5,ONS Mid-Year Population Estimates
Brent,E09000005,2017,342439.0,7920.0,34.6,0.86,342.4,ONS Mid-Year Population Estimates
Bromley,E09000006,2017,329134.0,2192.0,40.6,0.44,329.1,ONS Mid-Year Population Estimates
Camden,E09000007,2017,218833.0,10048.0,34.1,-0.99,218.8,ONS Mid-Year Population Estimates
City of London,E09000001,2017,7877.0,2726.0,40.3,1.81,7.9,ONS Mid-Year Population Estimates
Croydon,E09000008,2017,385567.0,4459.0,36.9,0.31,385.6,ONS Mid-Year Population Estimates
Ealing,E09000009,2017,362670.0,6530.0,35.8,0.14,362.7,ONS Mid-Year Population Estimates
Enfield,E09000010,2017,333077.0,4122.0,36.2,-0.07,333.1,ONS Mid-Year Population Estimates
Greenwich,E09000011,2017,282376.0,5968.0,34.5,1.29,282.4,ONS Mid-Year Population Estimates
Hackney,E09000012,2017,264834.0,13906.0,32.3,-0.02,264.8,ONS Mid-Year Population Estimates
Hammersmith and Fulham,E09000013,2017,187720.0,11445.0,33.7,0.13,187.7,ONS Mid-Year Population Estimates
Haringey,E09000014,2017,274463.0,9270.0,34.6,-0.65,274.5,ONS Mid-Year Population Estimates
Harrow,E09000015,2017,257881.0,5110.0,37.1,0.22,257.9,ONS Mid-Year Population Estimates
Havering,E09000016,2017,257429.0,2292.0,39.5,1.16,257.4,ONS Mid-Year Population Estimates
Hillingdon,E09000017,2017,299469.0,2588.0,35.9,0.68,299.5,ONS Mid-Year Population Estimates
Hounslow,E09000018,2017,281117.0,5023.0,35.4,0.9,281.1,ONS Mid-Year Population Estimates
Islington,E09000019,2017,221535.0,14910.0,32.7,0.41,221.5,ONS Mid-Year Population Estimates
Kensington and Chelsea,E09000020,2017,149651.0,12342.0,38.3,-2.0,149.7,ONS Mid-Year Population Estimates
Kingston upon Thames,E09000021,2017,168781.0,4530.0,37.2,0.1,168.8,ONS Mid-Year Population Estimates
Lambeth,E09000022,2017,327227.0,12207.0,32.8,0.19,327.2,ONS Mid-Year Population Estimates
Lewisham,E09000023,2017,300924.0,8562.0,34.6,0.71,300.9,ONS Mid-Year Population Estimates
Merton,E09000024,2017,215431.0,5726.0,36.3,-0.04,215.4,ONS Mid-Year Population Estimates
Newham,E09000025,2017,338333.0,9347.0,31.6,0.89,338.3,ONS Mid-Year Population Estimates
Redbridge,E09000026,2017,305937.0,5425.0,35.1,0.52,305.9,ONS Mid-Year Population Estimates
Richmond upon Thames,E09000027,2017,196849.0,3430.0,40.1,0.28,196.8,ONS Mid-Year Population Estimates
Southwark,E09000028,2017,307640.0,10653.0,33.0,0.3,307.6,ONS Mid-Year Population Estimates
Sutton,E09000029,2017,204824.0,4671.0,38.7,0.75,204.8,ONS Mid-Year Population Estimates
Tower Hamlets,E09000030,2017,293526.0,14846.0,30.2,1.56,293.5,ONS Mid-Year Population Estimates
Waltham Forest,E09000031,2017,278105.0,7166.0,34.5,0.37,278.1,ONS Mid-Year Population Estimates
Wandsworth,E09000032,2017,329493.0,9617.0,33.2,0.94,329.5,ONS Mid-Year Population Estimates
Westminster,E09000033,2017,210459.0,9797.0,36.0,-1.28,210.5,ONS Mid-Year Population Estimates
Barking and Dagenham,E09000002,2018,216298.0,5991.0,32.7,1.07,216.3,ONS Mid-Year Population Estimates
Barnet,E09000003,2018,387574.0,4467.0,36.9,0.9,387.6,ONS Mid-Year Population Estimates
Bexley,E09000004,2018,245244.0,4049.0,39.1,0.31,245.2,ONS Mid-Year Population Estimates
Brent,E09000005,2018,345558.0,7992.0,34.8,0.91,345.6,ONS Mid-Year Population Estimates
Bromley,E09000006,2018,330367.0,2201.0,40.7,0.37,330.4,ONS Mid-Year Population Estimates
Camden,E09000007,2018,217915.0,10006.0,34.2,-0.42,217.9,ONS Mid-Year Population Estimates
City of London,E09000001,2018,8165.0,2825.0,39.2,3.66,8.2,ONS Mid-Year Population Estimates
Croydon,E09000008,2018,386999.0,4476.0,37.1,0.37,387.0,ONS Mid-Year Population Estimates
Ealing,E09000009,2018,364208.0,6557.0,36.1,0.42,364.2,ONS Mid-Year Population Estimates
Enfield,E09000010,2018,334000.0,4134.0,36.6,0.28,334.0,ONS Mid-Year Population Estimates
Greenwich,E09000011,2018,285773.0,6040.0,34.7,1.2,285.8,ONS Mid-Year Population Estimates
Hackney,E09000012,2018,266210.0,13979.0,32.5,0.52,266.2,ONS Mid-Year Population Estimates
Hammersmith and Fulham,E09000013,2018,189037.0,11526.0,33.8,0.7,189.0,ONS Mid-Year Population Estimates
Haringey,E09000014,2018,274240.0,9263.0,34.9,-0.08,274.2,ONS Mid-Year Population Estimates
Harrow,E09000015,2018,259861.0,5149.0,37.3,0.77,259.9,ONS Mid-Year Population Estimates
Havering,E09000016,2018,259229.0,2308.0,39.4,0.7,259.2,ONS Mid-Year Population Estimates
Hillingdon,E09000017,2018,302263.0,2612.0,36.1,0.93,302.3,ONS Mid-Year Population Estimates
Hounslow,E09000018,2018,285430.0,5100.0,35.7,1.53,285.4,ONS Mid-Year Population Estimates
Islington,E09000019,2018,221453.0,14905.0,32.9,-0.04,221.5,ONS Mid-Year Population Estimates
Kensington and Chelsea,E09000020,2018,148471.0,12244.0,38.6,-0.79,148.5,ONS Mid-Year Population Estimates
Kingston upon Thames,E09000021,2018,168729.0,4529.0,37.7,-0.03,168.7,ONS Mid-Year Population Estimates
Lambeth,E09000022,2018,328923.0,12270.0,32.9,0.52,328.9,ONS Mid-Year Population Estimates
Lewisham,E09000023,2018,303127.0,8625.0,34.8,0.73,303.1,ONS Mid-Year Population Estimates
Merton,E09000024,2018,216171.0,5746.0,36.7,0.34,216.2,ONS Mid-Year Population Estimates
Newham,E09000025,2018,344570.0,9520.0,31.8,1.84,344.6,ONS Mid-Year Population Estimates
Redbridge,E09000026,2018,308841.0,5476.0,35.4,0.95,308.8,ONS Mid-Year Population Estimates
Richmond upon Thames,E09000027,2018,197119.0,3435.0,40.5,0.14,197.1,ONS Mid-Year Population Estimates
Southwark,E09000028,2018,310492.0,10752.0,33.1,0.93,310.5,ONS Mid-Year Population Estimates
Sutton,E09000029,2018,206286.0,4705.0,38.9,0.71,206.3,ONS Mid-Year Population Estimates
Tower Hamlets,E09000030,2018,300050.0,15176.0,30.3,2.22,300.1,ONS Mid-Year Population Estimates
Waltham Forest,E09000031,2018,279795.0,7209.0,34.8,0.61,279.8,ONS Mid-Year Population Estimates
Wandsworth,E09000032,2018,331069.0,9663.0,33.3,0.48,331.1,ONS Mid-Year Population Estimates
Westminster,E09000033,2018,209868.0,9769.0,36.1,-0.28,209.9,ONS Mid-Year Population Estimates
Barking and Dagenham,E09000002,2019,218828.0,6062.0,32.9,1.17,218.8,ONS Mid-Year Population Estimates
Barnet,E09000003,2019,390590.0,4502.0,37.2,0.78,390.6,ONS Mid-Year Population Estimates
Bexley,E09000004,2019,246622.0,4072.0,39.3,0.56,246.6,ONS Mid-Year Population Estimates
Brent,E09000005,2019,347424.0,8036.0,35.1,0.54,347.4,ONS Mid-Year Population Estimates
Bromley,E09000006,2019,331192.0,2206.0,40.9,0.25,331.2,ONS Mid-Year Population Estimates
Camden,E09000007,2019,217136.0,9970.0,34.3,-0.36,217.1,ONS Mid-Year Population Estimates
City of London,E09000001,2019,8765.0,3033.0,37.7,7.35,8.8,ONS Mid-Year Population Estimates
Croydon,E09000008,2019,390643.0,4518.0,37.3,0.94,390.6,ONS Mid-Year Population Estimates
Ealing,E09000009,2019,367284.0,6613.0,36.4,0.84,367.3,ONS Mid-Year Population Estimates
Enfield,E09000010,2019,335151.0,4148.0,36.8,0.34,335.2,ONS Mid-Year Population Estimates
Greenwich,E09000011,2019,288205.0,6092.0,34.9,0.85,288.2,ONS Mid-Year Population Estimates
Hackney,E09000012,2019,265825.0,13958.0,32.6,-0.14,265.8,ONS Mid-Year Population Estimates
Hammersmith and Fulham,E09000013,2019,188562.0,11497.0,33.8,-0.25,188.6,ONS Mid-Year Population Estimates
Haringey,E09000014,2019,273716.0,9245.0,35.2,-0.19,273.7,ONS Mid-Year Population Estimates
Harrow,E09000015,2019,262065.0,5193.0,37.5,0.85,262.1,ONS Mid-Year Population Estimates
Havering,E09000016,2019,261296.0,2326.0,39.3,0.8,261.3,ONS Mid-Year Population Estimates
Hillingdon,E09000017,2019,305641.0,2641.0,36.4,1.12,305.6,ONS Mid-Year Population Estimates
Hounslow,E09000018,2019,289652.0,5176.0,36.0,1.48,289.7,ONS Mid-Year Population Estimates
Islington,E09000019,2019,221994.0,14941.0,33.1,0.24,222.0,ONS Mid-Year Population Estimates
Kensington and Chelsea,E09000020,2019,146805.0,12107.0,38.9,-1.12,146.8,ONS Mid-Year Population Estimates
Kingston upon Thames,E09000021,2019,169797.0,4558.0,38.0,0.63,169.8,ONS Mid-Year Population Estimates
Lambeth,E09000022,2019,329513.0,12292.0,33.0,0.18,329.5,ONS Mid-Year Population Estimates
Lewisham,E09000023,2019,305906.0,8704.0,34.9,0.92,305.9,ONS Mid-Year Population Estimates
Merton,E09000024,2019,217219.0,5773.0,36.9,0.48,217.2,ONS Mid-Year Population Estimates
Newham,E09000025,2019,349786.0,9664.0,32.0,1.51,349.8,ONS Mid-Year Population Estimates
Redbridge,E09000026,2019,311780.0,5529.0,35.6,0.95,311.8,ONS Mid-Year Population Estimates
Richmond upon Thames,E09000027,2019,198185.0,3453.0,40.9,0.54,198.2,ONS Mid-Year Population Estimates
Southwark,E09000028,2019,312591.0,10825.0,33.2,0.68,312.6,ONS Mid-Year Population Estimates
Sutton,E09000029,2019,208516.0,4756.0,39.1,1.08,208.5,ONS Mid-Year Population Estimates
Tower Hamlets,E09000030,2019,305066.0,15430.0,30.5,1.67,305.1,ONS Mid-Year Population Estimates
Waltham Forest,E09000031,2019,281015.0,7241.0,35.1,0.44,281.0,ONS Mid-Year Population Estimates
Wandsworth,E09000032,2019,334558.0,9765.0,33.3,1.05,334.6,ONS Mid-Year Population Estimates
Westminster,E09000033,2019,208415.0,9702.0,36.1,-0.69,208.4,ONS Mid-Year Population Estimates
Barking and Dagenham,E09000002,2020,219227.0,6073.0,33.2,0.18,219.2,ONS Mid-Year Population Estimates
Barnet,E09000003,2020,391046.0,4507.0,37.5,0.12,391.0,ONS Mid-Year Population Estimates
Bexley,E09000004,2020,246924.0,4077.0,39.4,0.12,246.9,ONS Mid-Year Population Estimates
Brent,E09000005,2020,343988.0,7956.0,35.5,-0.99,344.0,ONS Mid-Year Population Estimates
Bromley,E09000006,2020,331247.0,2206.0,41.1,0.02,331.2,ONS Mid-Year Population Estimates
Camden,E09000007,2020,214768.0,9861.0,34.5,-1.09,214.8,ONS Mid-Year Population Estimates
City of London,E09000001,2020,8331.0,2883.0,38.5,-4.95,8.3,ONS Mid-Year Population Estimates
Croydon,E09000008,2020,392101.0,4535.0,37.5,0.37,392.1,ONS Mid-Year Population Estimates
Ealing,E09000009,2020,367936.0,6624.0,36.7,0.18,367.9,ONS Mid-Year Population Estimates
Enfield,E09000010,2020,333149.0,4123.0,37.2,-0.6,333.1,ONS Mid-Year Population Estimates
Greenwich,E09000011,2020,288384.0,6095.0,35.2,0.06,288.4,ONS Mid-Year Population Estimates
Hackney,E09000012,2020,263782.0,13851.0,32.8,-0.77,263.8,ONS Mid-Year Population Estimates
Hammersmith and Fulham,E09000013,2020,186555.0,11374.0,34.0,-1.06,186.6,ONS Mid-Year Population Estimates
Haringey,E09000014,2020,269534.0,9104.0,35.8,-1.53,269.5,ONS Mid-Year Population Estimates
Harrow,E09000015,2020,262281.0,5197.0,37.8,0.08,262.3,ONS Mid-Year Population Estimates
Havering,E09000016,2020,261906.0,2331.0,39.4,0.23,261.9,ONS Mid-Year Population Estimates
Hillingdon,E09000017,2020,306460.0,2649.0,36.8,0.27,306.5,ONS Mid-Year Population Estimates
Hounslow,E09000018,2020,289773.0,5178.0,36.4,0.04,289.8,ONS Mid-Year Population Estimates
Islington,E09000019,2020,221018.0,14875.0,33.3,-0.44,221.0,ONS Mid-Year Population Estimates
Kensington and Chelsea,E09000020,2020,144874.0,11948.0,39.2,-1.32,144.9,ONS Mid-Year Population Estimates
Kingston upon Thames,E09000021,2020,169770.0,4557.0,38.3,-0.02,169.8,ONS Mid-Year Population Estimates
Lambeth,E09000022,2020,325527.0,12143.0,33.3,-1.21,325.5,ONS Mid-Year Population Estimates
Lewisham,E09000023,2020,304169.0,8654.0,35.2,-0.57,304.2,ONS Mid-Year Population Estimates
Merton,E09000024,2020,217101.0,5770.0,37.2,-0.05,217.1,ONS Mid-Year Population Estimates
Newham,E09000025,2020,350025.0,9670.0,32.3,0.07,350.0,ONS Mid-Year Population Estimates
Redbridge,E09000026,2020,311750.0,5528.0,35.9,-0.01,311.8,ONS Mid-Year Population Estimates
Richmond upon Thames,E09000027,2020,197797.0,3447.0,41.3,-0.2,197.8,ONS Mid-Year Population Estimates
Southwark,E09000028,2020,312055.0,10806.0,33.4,-0.17,312.1,ONS Mid-Year Population Estimates
Sutton,E09000029,2020,209921.0,4788.0,39.4,0.67,209.9,ONS Mid-Year Population Estimates
Tower Hamlets,E09000030,2020,306780.0,15517.0,30.7,0.56,306.8,ONS Mid-Year Population Estimates
Waltham Forest,E09000031,2020,279527.0,7202.0,35.5,-0.53,279.5,ONS Mid-Year Population Estimates
Wandsworth,E09000032,2020,333678.0,9739.0,33.5,-0.26,333.7,ONS Mid-Year Population Estimates
Westminster,E09000033,2020,205624.0,9572.0,36.2,-1.34,205.6,ONS Mid-Year Population Estimates
Barking and Dagenham,E09000002,2021,218714.0,6058.0,33.5,-0.23,218.7,ONS Mid-Year Population Estimates
Barnet,E09000003,2021,388955.0,4483.0,38.0,-0.53,389.0,ONS Mid-Year Population Estimates
Bexley,E09000004,2021,246637.0,4072.0,39.6,-0.12,246.6,ONS Mid-Year Population Estimates
Brent,E09000005,2021,339248.0,7846.0,36.0,-1.38,339.2,ONS Mid-Year Population Estimates
Bromley,E09000006,2021,329899.0,2197.0,41.3,-0.41,329.9,ONS Mid-Year Population Estimates
Camden,E09000007,2021,210968.0,9687.0,34.6,-1.77,211.0,ONS Mid-Year Population Estimates
City of London,E09000001,2021,8689.0,3007.0,37.1,4.3,8.7,ONS Mid-Year Population Estimates
Croydon,E09000008,2021,390691.0,4518.0,37.7,-0.36,390.7,ONS Mid-Year Population Estimates
Ealing,E09000009,2021,366762.0,6603.0,37.1,-0.32,366.8,ONS Mid-Year Population Estimates
Enfield,E09000010,2021,329876.0,4083.0,37.6,-0.98,329.9,ONS Mid-Year Population Estimates
Greenwich,E09000011,2021,289537.0,6120.0,35.4,0.4,289.5,ONS Mid-Year Population Estimates
Hackney,E09000012,2021,260082.0,13657.0,32.8,-1.4,260.1,ONS Mid-Year Population Estimates
Hammersmith and Fulham,E09000013,2021,183310.0,11177.0,34.1,-1.74,183.3,ONS Mid-Year Population Estimates
Haringey,E09000014,2021,264317.0,8928.0,36.3,-1.94,264.3,ONS Mid-Year Population Estimates
Harrow,E09000015,2021,261159.0,5175.0,38.2,-0.43,261.2,ONS Mid-Year Population Estimates
Havering,E09000016,2021,262086.0,2333.0,39.4,0.07,262.1,ONS Mid-Year Population Estimates
Hillingdon,E09000017,2021,305107.0,2637.0,37.1,-0.44,305.1,ONS Mid-Year Population Estimates
Hounslow,E09000018,2021,288164.0,5149.0,36.9,-0.56,288.2,ONS Mid-Year Population Estimates
Islington,E09000019,2021,217050.0,14608.0,33.4,-1.8,217.1,ONS Mid-Year Population Estimates
Kensington and Chelsea,E09000020,2021,144266.0,11898.0,39.0,-0.42,144.3,ONS Mid-Year Population Estimates
Kingston upon Thames,E09000021,2021,167992.0,4509.0,38.8,-1.05,168.0,ONS Mid-Year Population Estimates
Lambeth,E09000022,2021,317691.0,11851.0,33.4,-2.41,317.7,ONS Mid-Year Population Estimates
Lewisham,E09000023,2021,300013.0,8536.0,35.5,-1.37,300.0,ONS Mid-Year Population Estimates
Merton,E09000024,2021,215426.0,5726.0,37.6,-0.77,215.4,ONS Mid-Year Population Estimates
Newham,E09000025,2021,351256.0,9704.0,32.6,0.35,351.3,ONS Mid-Year Population Estimates
Redbridge,E09000026,2021,310130.0,5499.0,36.2,-0.52,310.1,ONS Mid-Year Population Estimates
Richmond upon Thames,E09000027,2021,195315.0,3403.0,41.8,-1.25,195.3,ONS Mid-Year Population Estimates
Southwark,E09000028,2021,306762.0,10623.0,33.6,-1.7,306.8,ONS Mid-Year Population Estimates
Sutton,E09000029,2021,209617.0,4781.0,39.6,-0.14,209.6,ONS Mid-Year Population Estimates
Tower Hamlets,E09000030,2021,312715.0,15817.0,30.7,1.93,312.7,ONS Mid-Year Population Estimates
Waltham Forest,E09000031,2021,278147.0,7167.0,35.9,-0.49,278.1,ONS Mid-Year Population Estimates
Wandsworth,E09000032,2021,328429.0,9586.0,33.5,-1.57,328.4,ONS Mid-Year Population Estimates
Westminster,E09000033,2021,205759.0,9578.0,35.8,0.07,205.8,ONS Mid-Year Population Estimates
Barking and Dagenham,E09000002,2022,221769.0,6143.0,33.6,1.4,221.8,ONS Mid-Year Population Estimates
Barnet,E09000003,2022,391926.0,4517.0,38.3,0.76,391.9,ONS Mid-Year Population Estimates
Bexley,E09000004,2022,247977.0,4094.0,39.7,0.54,248.0,ONS Mid-Year Population Estimates
Brent,E09000005,2022,344163.0,7960.0,35.8,1.45,344.2,ONS Mid-Year Population Estimates
Bromley,E09000006,2022,330047.0,2198.0,41.7,0.04,330.0,ONS Mid-Year Population Estimates
Camden,E09000007,2022,219521.0,10080.0,33.8,4.05,219.5,ONS Mid-Year Population Estimates
City of London,E09000001,2022,12020.0,4159.0,33.2,38.34,12.0,ONS Mid-Year Population Estimates
Croydon,E09000008,2022,393903.0,4556.0,37.9,0.82,393.9,ONS Mid-Year Population Estimates
Ealing,E09000009,2022,371951.0,6697.0,37.1,1.41,372.0,ONS Mid-Year Population Estimates
Enfield,E09000010,2022,328898.0,4071.0,38.0,-0.3,328.9,ONS Mid-Year Population Estimates
Greenwich,E09000011,2022,293348.0,6200.0,35.5,1.32,293.3,ONS Mid-Year Population Estimates
Hackney,E09000012,2022,263254.0,13823.0,32.7,1.22,263.3,ONS Mid-Year Population Estimates
Hammersmith and Fulham,E09000013,2022,187187.0,11413.0,33.9,2.11,187.2,ONS Mid-Year Population Estimates
Haringey,E09000014,2022,264831.0,8945.0,36.5,0.19,264.8,ONS Mid-Year Population Estimates
Harrow,E09000015,2022,263123.0,5214.0,38.3,0.75,263.1,ONS Mid-Year Population Estimates
Havering,E09000016,2022,265111.0,2360.0,39.4,1.15,265.1,ONS Mid-Year Population Estimates
Hillingdon,E09000017,2022,312493.0,2701.0,37.0,2.42,312.5,ONS Mid-Year Population Estimates
Hounslow,E09000018,2022,290151.0,5185.0,37.2,0.69,290.2,ONS Mid-Year Population Estimates
Islington,E09000019,2022,221663.0,14919.0,33.1,2.13,221.7,ONS Mid-Year Population Estimates
Kensington and Chelsea,E09000020,2022,147887.0,12196.0,38.7,2.51,147.9,ONS Mid-Year Population Estimates
Kingston upon Thames,E09000021,2022,169429.0,4548.0,39.0,0.86,169.4,ONS Mid-Year Population Estimates
Lambeth,E09000022,2022,318862.0,11895.0,33.3,0.37,318.9,ONS Mid-Year Population Estimates
Lewisham,E09000023,2022,300122.0,8539.0,35.7,0.04,300.1,ONS Mid-Year Population Estimates
Merton,E09000024,2022,216028.0,5742.0,37.8,0.28,216.0,ONS Mid-Year Population Estimates
Newham,E09000025,2022,360868.0,9970.0,32.3,2.74,360.9,ONS Mid-Year Population Estimates
Redbridge,E09000026,2022,313152.0,5553.0,36.3,0.97,313.2,ONS Mid-Year Population Estimates
Richmond upon Thames,E09000027,2022,195674.0,3410.0,42.2,0.18,195.7,ONS Mid-Year Population Estimates
Southwark,E09000028,2022,311089.0,10773.0,33.5,1.41,311.1,ONS Mid-Year Population Estimates
Sutton,E09000029,2022,210281.0,4796.0,40.0,0.32,210.3,ONS Mid-Year Population Estimates
Tower Hamlets,E09000030,2022,327674.0,16573.0,30.6,4.78,327.7,ONS Mid-Year Population Estimates
Waltham Forest,E09000031,2022,278274.0,7170.0,36.2,0.05,278.3,ONS Mid-Year Population Estimates
Wandsworth,E09000032,2022,331675.0,9681.0,33.4,0.99,331.7,ONS Mid-Year Population Estimates
Westminster,E09000033,2022,213009.0,9915.0,35.3,3.52,213.0,ONS Mid-Year Population Estimates
Barking and Dagenham,E09000002,2023,227908.0,6313.0,33.4,2.77,227.9,ONS Mid-Year Population Estimates
Barnet,E09000003,2023,399842.0,4608.0,38.3,2.02,399.8,ONS Mid-Year Population Estimates
Bexley,E09000004,2023,252070.0,4161.0,39.6,1.65,252.1,ONS Mid-Year Population Estimates
Brent,E09000005,2023,352153.0,8145.0,35.4,2.32,352.2,ONS Mid-Year Population Estimates
Bromley,E09000006,2023,332418.0,2214.0,41.8,0.72,332.4,ONS Mid-Year Population Estimates
Camden,E09000007,2023,220879.0,10142.0,33.8,0.62,220.9,ONS Mid-Year Population Estimates
City of London,E09000001,2023,14514.0,5022.0,32.8,20.75,14.5,ONS Mid-Year Population Estimates
Croydon,E09000008,2023,402011.0,4649.0,37.7,2.06,402.0,ONS Mid-Year Population Estimates
Ealing,E09000009,2023,381747.0,6873.0,36.8,2.63,381.7,ONS Mid-Year Population Estimates
Enfield,E09000010,2023,330673.0,4092.0,38.2,0.54,330.7,ONS Mid-Year Population Estimates
Greenwich,E09000011,2023,297945.0,6298.0,35.5,1.57,297.9,ONS Mid-Year Population Estimates
Hackney,E09000012,2023,267493.0,14046.0,32.6,1.61,267.5,ONS Mid-Year Population Estimates
Hammersmith and Fulham,E09000013,2023,189683.0,11565.0,33.9,1.33,189.7,ONS Mid-Year Population Estimates
Haringey,E09000014,2023,267204.0,9025.0,36.6,0.9,267.2,ONS Mid-Year Population Estimates
Harrow,E09000015,2023,267893.0,5309.0,38.1,1.81,267.9,ONS Mid-Year Population Estimates
Havering,E09000016,2023,270756.0,2410.0,39.2,2.13,270.8,ONS Mid-Year Population Estimates
Hillingdon,E09000017,2023,322383.0,2786.0,36.7,3.16,322.4,ONS Mid-Year Population Estimates
Hounslow,E09000018,2023,297085.0,5309.0,37.1,2.39,297.1,ONS Mid-Year Population Estimates
Islington,E09000019,2023,225529.0,15179.0,32.9,1.74,225.5,ONS Mid-Year Population Estimates
Kensington and Chelsea,E09000020,2023,149049.0,12292.0,38.7,0.79,149.0,ONS Mid-Year Population Estimates
Kingston upon Thames,E09000021,2023,171356.0,4599.0,39.0,1.14,171.4,ONS Mid-Year Population Estimates
Lambeth,E09000022,2023,320532.0,11957.0,33.2,0.52,320.5,ONS Mid-Year Population Estimates
Lewisham,E09000023,2023,301374.0,8575.0,35.9,0.42,301.4,ONS Mid-Year Population Estimates
Merton,E09000024,2023,218697.0,5813.0,37.9,1.24,218.7,ONS Mid-Year Population Estimates
Newham,E09000025,2023,373886.0,10330.0,31.9,3.61,373.9,ONS Mid-Year Population Estimates
Redbridge,E09000026,2023,318749.0,5652.0,36.0,1.79,318.7,ONS Mid-Year Population Estimates
Richmond upon Thames,E09000027,2023,196764.0,3429.0,42.6,0.56,196.8,ONS Mid-Year Population Estimates
Southwark,E09000028,2023,316080.0,10946.0,33.5,1.6,316.1,ONS Mid-Year Population Estimates
Sutton,E09000029,2023,212059.0,4836.0,40.2,0.85,212.1,ONS Mid-Year Population Estimates
Tower Hamlets,E09000030,2023,333985.0,16893.0,30.6,1.93,334.0,ONS Mid-Year Population Estimates
Waltham Forest,E09000031,2023,281983.0,7266.0,36.3,1.33,282.0,ONS Mid-Year Population Estimates
Wandsworth,E09000032,2023,335863.0,9803.0,33.2,1.26,335.9,ONS Mid-Year Population Estimates
Westminster,E09000033,2023,216343.0,10071.0,35.2,1.57,216.3,ONS Mid-Year Population Estimates
Barking and Dagenham,E09000002,2024,234866.0,6506.0,33.2,3.05,234.9,ONS Mid-Year Population Estimates
Barnet,E09000003,2024,406198.0,4682.0,38.4,1.59,406.2,ONS Mid-Year Population Estimates
Bexley,E09000004,2024,256288.0,4231.0,39.6,1.67,256.3,ONS Mid-Year Population Estimates
Brent,E09000005,2024,355398.0,8220.0,35.3,0.92,355.4,ONS Mid-Year Population Estimates
Bromley,E09000006,2024,334641.0,2229.0,41.9,0.67,334.6,ONS Mid-Year Population Estimates
Camden,E09000007,2024,220558.0,10127.0,33.8,-0.15,220.6,ONS Mid-Year Population Estimates
City of London,E09000001,2024,15497.0,5362.0,32.9,6.77,15.5,ONS Mid-Year Population Estimates
Croydon,E09000008,2024,408636.0,4726.0,37.8,1.65,408.6,ONS Mid-Year Population Estimates
Ealing,E09000009,2024,387680.0,6980.0,36.7,1.55,387.7,ONS Mid-Year Population Estimates
Enfield,E09000010,2024,331421.0,4102.0,38.4,0.23,331.4,ONS Mid-Year Population Estimates
Greenwich,E09000011,2024,301259.0,6368.0,35.6,1.11,301.3,ONS Mid-Year Population Estimates
Hackney,E09000012,2024,268651.0,14107.0,32.7,0.43,268.7,ONS Mid-Year Population Estimates
Hammersmith and Fulham,E09000013,2024,190803.0,11633.0,34.1,0.59,190.8,ONS Mid-Year Population Estimates
Haringey,E09000014,2024,268524.0,9070.0,36.7,0.49,268.5,ONS Mid-Year Population Estimates
Harrow,E09000015,2024,270987.0,5370.0,38.1,1.15,271.0,ONS Mid-Year Population Estimates
Havering,E09000016,2024,277042.0,2466.0,39.1,2.32,277.0,ONS Mid-Year Population Estimates
Hillingdon,E09000017,2024,327886.0,2834.0,36.6,1.71,327.9,ONS Mid-Year Population Estimates
Hounslow,E09000018,2024,300047.0,5362.0,37.2,1.0,300.0,ONS Mid-Year Population Estimates
Islington,E09000019,2024,226183.0,15223.0,32.9,0.29,226.2,ONS Mid-Year Population Estimates
Kensington and Chelsea,E09000020,2024,147255.0,12144.0,39.1,-1.2,147.3,ONS Mid-Year Population Estimates
Kingston upon Thames,E09000021,2024,172964.0,4643.0,39.1,0.94,173.0,ONS Mid-Year Population Estimates
Lambeth,E09000022,2024,318864.0,11895.0,33.3,-0.52,318.9,ONS Mid-Year Population Estimates
Lewisham,E09000023,2024,302432.0,8605.0,36.1,0.35,302.4,ONS Mid-Year Population Estimates
Merton,E09000024,2024,220020.0,5848.0,38.1,0.6,220.0,ONS Mid-Year Population Estimates
Newham,E09000025,2024,379479.0,10484.0,31.7,1.5,379.5,ONS Mid-Year Population Estimates
Redbridge,E09000026,2024,323006.0,5728.0,35.8,1.34,323.0,ONS Mid-Year Population Estimates
Richmond upon Thames,E09000027,2024,196975.0,3432.0,42.9,0.11,197.0,ONS Mid-Year Population Estimates
Southwark,E09000028,2024,317058.0,10979.0,33.6,0.31,317.1,ONS Mid-Year Population Estimates
Sutton,E09000029,2024,213672.0,4873.0,40.4,0.76,213.7,ONS Mid-Year Population Estimates
Tower Hamlets,E09000030,2024,336153.0,17002.0,30.6,0.65,336.2,ONS Mid-Year Population Estimates
Waltham Forest,E09000031,2024,283782.0,7312.0,36.5,0.64,283.8,ONS Mid-Year Population Estimates
Wandsworth,E09000032,2024,339727.0,9916.0,33.2,1.15,339.7,ONS Mid-Year Population Estimates
Westminster,E09000033,2024,215694.0,10040.0,35.4,-0.3,215.7,ONS Mid-Year Population Estimates
Barking and Dagenham,E09000002,2025,238295.0,6601.0,33.2,1.46,238.3,ONS Mid-Year Population Estimates
Barnet,E09000003,2025,408087.0,4703.0,38.8,0.47,408.1,ONS Mid-Year Population Estimates
Bexley,E09000004,2025,257103.0,4245.0,39.8,0.32,257.1,ONS Mid-Year Population Estimates
Brent,E09000005,2025,352201.0,8146.0,35.5,-0.9,352.2,ONS Mid-Year Population Estimates
Bromley,E09000006,2025,336048.0,2238.0,42.1,0.42,336.0,ONS Mid-Year Population Estimates
Camden,E09000007,2025,216658.0,9948.0,33.9,-1.77,216.7,ONS Mid-Year Population Estimates
City of London,E09000001,2025,15631.0,5409.0,33.5,0.86,15.6,ONS Mid-Year Population Estimates
Croydon,E09000008,2025,410085.0,4743.0,38.1,0.35,410.1,ONS Mid-Year Population Estimates
Ealing,E09000009,2025,387072.0,6969.0,36.9,-0.16,387.1,ONS Mid-Year Population Estimates
Enfield,E09000010,2025,329400.0,4077.0,38.8,-0.61,329.4,ONS Mid-Year Population Estimates
Greenwich,E09000011,2025,301225.0,6367.0,35.9,-0.01,301.2,ONS Mid-Year Population Estimates
Hackney,E09000012,2025,266241.0,13980.0,32.9,-0.9,266.2,ONS Mid-Year Population Estimates
Hammersmith and Fulham,E09000013,2025,190216.0,11598.0,34.2,-0.31,190.2,ONS Mid-Year Population Estimates
Haringey,E09000014,2025,266218.0,8992.0,37.0,-0.86,266.2,ONS Mid-Year Population Estimates
Harrow,E09000015,2025,272612.0,5402.0,38.2,0.6,272.6,ONS Mid-Year Population Estimates
Havering,E09000016,2025,280787.0,2500.0,39.2,1.35,280.8,ONS Mid-Year Population Estimates
Hillingdon,E09000017,2025,326671.0,2823.0,36.9,-0.37,326.7,ONS Mid-Year Population Estimates
Hounslow,E09000018,2025,299486.0,5352.0,37.5,-0.19,299.5,ONS Mid-Year Population Estimates
Islington,E09000019,2025,224551.0,15113.0,33.0,-0.72,224.6,ONS Mid-Year Population Estimates
Kensington and Chelsea,E09000020,2025,145734.0,12019.0,39.5,-1.03,145.7,ONS Mid-Year Population Estimates
Kingston upon Thames,E09000021,2025,172761.0,4637.0,39.5,-0.12,172.8,ONS Mid-Year Population Estimates
Lambeth,E09000022,2025,314298.0,11724.0,33.6,-1.43,314.3,ONS Mid-Year Population Estimates
Lewisham,E09000023,2025,301037.0,8565.0,36.5,-0.46,301.0,ONS Mid-Year Population Estimates
Merton,E09000024,2025,218891.0,5818.0,38.3,-0.51,218.9,ONS Mid-Year Population Estimates
Newham,E09000025,2025,376542.0,10403.0,31.8,-0.77,376.5,ONS Mid-Year Population Estimates
Redbridge,E09000026,2025,321829.0,5707.0,35.9,-0.36,321.8,ONS Mid-Year Population Estimates
Richmond upon Thames,E09000027,2025,196713.0,3428.0,43.2,-0.13,196.7,ONS Mid-Year Population Estimates
Southwark,E09000028,2025,312366.0,10817.0,33.9,-1.48,312.4,ONS Mid-Year Population Estimates
Sutton,E09000029,2025,213972.0,4880.0,40.7,0.14,214.0,ONS Mid-Year Population Estimates
Tower Hamlets,E09000030,2025,334240.0,16906.0,30.8,-0.57,334.2,ONS Mid-Year Population Estimates
Waltham Forest,E09000031,2025,283713.0,7310.0,36.9,-0.02,283.7,ONS Mid-Year Population Estimates
Wandsworth,E09000032,2025,339859.0,9919.0,33.3,0.04,339.9,ONS Mid-Year Population Estimates
Westminster,E09000033,2025,212367.0,9886.0,35.7,-1.54,212.4,ONS Mid-Year Population Estimates
